{"stats":{"minecraft:killed":{"minecraft:cave_spider":3,"minecraft:witch":1,"minecraft:spider":2,"realmrpg_demons:imp":2,"realmrpg_demons:imp_guard":3,"minecraft:skeleton":7,"realmrpg_demons:chort":9,"minecraft:silverfish":4,"minecraft:wolf":7,"alexsmobs:crimson_mosquito":4,"duneons:mountaineer":3,"minecraft:sheep":4,"minecraft:goat":1,"minecraft:zombie":8,"minecraft:ghast":1,"minecraft:cow":24,"mekanismadditions:baby_skeleton":5,"minecraft:husk":1},"minecraft:killed_by":{"minecraft:wolf":5},"minecraft:picked_up":{"minecraft:birch_door":2,"minecraft:wheat":16,"mekanism:raw_uranium":4,"minecraft:lead":2,"minecraft:string":11,"minecraft:raw_copper":82,"biomesoplenty:yellow_autumn_sapling":106,"duneons:goatgear_helmet":1,"duneons:windorangebannertop":1,"minecraft:iron_leggings":1,"minecraft:shroomlight":4,"biomesoplenty:umbran_boat":1,"biomesoplenty:brimstone":47,"alexsmobs:blood_sac":1,"minecraft:cobbled_deepslate":404,"mekanism:basic_universal_cable":1,"minecraft:spruce_planks":12,"minecraft:iron_pickaxe":1,"minecraft:furnace":13,"duneons:highlandlog":6,"minecraft:stick":43,"minecraft:torch":49,"biomesoplenty:umbran_planks":2,"minecraft:pointed_dripstone":64,"minecraft:diorite":21,"mekanism:raw_tin":89,"minecraft:rotten_flesh":14,"create:asurine":22,"create:veridium":100,"mekanism:ingot_osmium":21,"duneons:vasehighland":1,"minecraft:obsidian":23,"minecraft:iron_bars":9,"minecraft:cobblestone":534,"minecraft:birch_log":375,"duneons:crystalblue":3,"minecraft:lilac":5,"minecraft:andesite":44,"minecraft:potato":182,"minecraft:tuff":60,"create:raw_zinc":177,"duneons:outposttent":1,"duneons:golemruin":2,"minecraft:lapis_lazuli":81,"minecraft:dirt":951,"minecraft:bone":14,"minecraft:wheat_seeds":91,"minecraft:raw_gold":22,"minecraft:glowstone_dust":113,"galosphere:raw_silver":29,"minecraft:oak_planks":1,"biomesoplenty:toadstool":19,"mekanism:metallurgic_infuser":4,"minecraft:poisonous_potato":4,"duneons:dungeonscharredcobblestoneslab":1,"minecraft:sand":160,"sophisticatedbackpacks:iron_backpack":2,"minecraft:mossy_cobblestone":1,"galosphere:silver_nugget":18,"create:crimsite":1,"minecraft:diamond":11,"minecraft:granite":38,"minecraft:emerald":3,"minecraft:netherrack":172,"minecraft:coarse_dirt":2,"minecraft:crafting_table":37,"galosphere:pink_salt_straw":1,"biomesoplenty:flesh":30,"duneons:goldchain":11,"minecraft:wooden_pickaxe":2,"mekanismtools:refined_obsidian_chestplate":2,"mekanismtools:steel_paxel":1,"minecraft:wooden_sword":2,"minecraft:beef":54,"minecraft:iron_nugget":2,"minecraft:sugar_cane":37,"minecraft:chest":13,"minecraft:spruce_trapdoor":1,"minecraft:raw_iron":251,"sophisticatedbackpacks:backpack":2,"minecraft:carrot":3,"minecraft:redstone":252,"minecraft:arrow":13,"minecraft:hay_block":7,"minecraft:mutton":6,"minecraft:white_wool":4,"minecraft:bone_block":6,"minecraft:stripped_oak_log":1,"mekanism:raw_lead":19,"duneons:windorangebannerwood":2,"minecraft:leather":31,"minecraft:birch_planks":28,"minecraft:oak_log":21,"minecraft:golden_boots":4,"minecraft:gunpowder":3,"alexsmobs:mosquito_proboscis":2,"minecraft:blue_bed":9,"tfmg:sulfur":32,"mekanism:enrichment_chamber":2,"duneons:charredgrassblock":5,"minecraft:apple":10,"minecraft:iron_ingot":31,"minecraft:book":63,"minecraft:oak_slab":1,"minecraft:smooth_basalt":9,"duneons:dungeonscharredcobblestone":3,"minecraft:pumpkin":88,"minecraft:quartz":21,"tfmg:lignite":52,"mekanism:basic_chemical_tank":3,"minecraft:birch_stairs":6,"biomesoplenty:porous_flesh":5,"minecraft:spruce_sapling":2,"minecraft:spruce_log":24,"minecraft:white_bed":3,"duneons:leaveswindswept":5,"mekanism:raw_osmium":66,"mekanismgenerators:wind_generator":1,"minecraft:purple_bed":1,"mekanism:advanced_universal_cable":6,"mekanism:fluorite_gem":18,"minecraft:coal":389},"minecraft:broken":{"minecraft:iron_shovel":2,"minecraft:iron_boots":1,"minecraft:stone_pickaxe":1,"minecraft:wooden_pickaxe":1,"minecraft:shield":1,"minecraft:iron_pickaxe":5},"minecraft:used":{"mekanism:dictionary":2,"minecraft:iron_shovel":1041,"minecraft:ladder":3,"minecraft:chest":12,"minecraft:shield":38,"mekanismtools:osmium_sword":27,"minecraft:carrot":3,"minecraft:tuff":34,"duneons:outpostbricks":13,"mekanismtools:diamond_paxel":291,"minecraft:obsidian":10,"mekanism:basic_energy_cube":1,"minecraft:lava_bucket":2,"duneons:dungeonscharredcobblestone":2,"mekanismgenerators:wind_generator":2,"minecraft:furnace":11,"minecraft:potato":49,"mekanism:advanced_universal_cable":16,"biomesoplenty:flesh":16,"minecraft:diorite":5,"duneons:charredgrassblock":3,"minecraft:stone_pickaxe":171,"minecraft:wooden_pickaxe":266,"minecraft:sugar_cane":18,"minecraft:blue_bed":7,"minecraft:sand":2,"alexscaves:cave_book":2,"duneons:outposttent":1,"sophisticatedbackpacks:backpack":2,"mekanism:crusher":1,"minecraft:bread":39,"mekanism:metallurgic_infuser":7,"biomesoplenty:yellow_autumn_sapling":75,"create:asurine":2,"minecraft:lilac":3,"minecraft:birch_log":3,"minecraft:andesite":1,"mekanismtools:steel_paxel":343,"minecraft:coarse_dirt":1,"minecraft:bone_meal":90,"biomesoplenty:brimstone":40,"mekanism:enrichment_chamber":3,"minecraft:iron_bars":37,"minecraft:flint_and_steel":1,"create:veridium":17,"minecraft:spruce_planks":48,"minecraft:netherrack":45,"minecraft:torch":302,"minecraft:dirt":682,"mekanism:osmium_compressor":1,"minecraft:granite":9,"minecraft:birch_door":3,"minecraft:iron_axe":766,"mekanismgenerators:heat_generator":7,"mekanism:purification_chamber":1,"minecraft:iron_boots":1,"duneons:goatgear_helmet":1,"minecraft:smooth_basalt":9,"minecraft:cooked_beef":15,"minecraft:cobbled_deepslate":60,"minecraft:iron_leggings":2,"duneons:leaveswindswept":5,"minecraft:wheat_seeds":14,"minecraft:water_bucket":5,"minecraft:birch_planks":153,"minecraft:baked_potato":78,"tfmg:lignite":34,"minecraft:crafting_table":39,"minecraft:white_bed":3,"minecraft:spruce_log":3,"duneons:goldchain":11,"mekanism:basic_chemical_tank":2,"minecraft:diamond_pickaxe":9,"biomesoplenty:porous_flesh":5,"minecraft:iron_pickaxe":1886,"mekanism:energized_smelter":1,"minecraft:stone_axe":135,"minecraft:cobblestone":169,"minecraft:bucket":10,"minecraft:glass_pane":49,"alexsmobs:animal_dictionary":1,"minecraft:birch_stairs":46},"minecraft:dropped":{"sophisticatedbackpacks:iron_backpack":2,"biomesoplenty:umbran_planks":2,"mekanism:advanced_universal_cable":4,"minecraft:cooked_beef":5,"minecraft:diamond":3,"minecraft:crafting_table":1,"duneons:charredgrassblock":2,"create:crimsite":1,"minecraft:dirt":9,"duneons:windhole":1,"tfmg:lignite":3,"minecraft:wooden_sword":2,"minecraft:iron_pickaxe":1,"minecraft:white_wool":1,"biomesoplenty:toadstool":7,"minecraft:stone_axe":1,"duneons:goldblockchiseledslab":1,"alexsmobs:animal_dictionary":1,"minecraft:cobbled_deepslate":3,"biomesoplenty:yellow_autumn_sapling":34,"minecraft:pointed_dripstone":64,"minecraft:rotten_flesh":7,"minecraft:oak_planks":1,"minecraft:cooked_mutton":4,"minecraft:white_bed":1,"mekanism:basic_universal_cable":1,"mekanismtools:steel_paxel":1,"minecraft:birch_door":1,"minecraft:chest":2,"minecraft:arrow":6,"minecraft:iron_ingot":1,"biomesoplenty:dead_planks":1,"minecraft:oak_slab":1,"duneons:dungeonscharredcobblestoneslab":1,"minecraft:wheat_seeds":66,"minecraft:lilac":2,"minecraft:mossy_cobblestone":1,"minecraft:poisonous_potato":4,"mekanism:basic_chemical_tank":1,"minecraft:granite":3,"minecraft:stick":9,"duneons:golemruin":2,"duneons:vasehighland":1,"minecraft:diorite":2,"duneons:dungeonscharredcobblestone":1,"duneons:goatgear_helmet":1,"minecraft:iron_axe":1,"minecraft:spruce_sapling":2,"minecraft:coarse_dirt":1,"minecraft:tuff":2,"duneons:goldchain":1,"minecraft:stripped_oak_log":1,"galosphere:silver_nugget":18,"minecraft:pumpkin_seeds":3,"minecraft:spruce_trapdoor":1,"minecraft:spruce_planks":3,"minecraft:andesite":3,"minecraft:purple_bed":1,"galosphere:pink_salt_straw":1,"minecraft:stone_pickaxe":1,"minecraft:wooden_pickaxe":2,"duneons:sanctumstonepatternedgilded":1},"minecraft:crafted":{"mekanismtools:diamond_paxel":1,"minecraft:oak_planks":18,"mekanism:ingot_osmium":71,"mekanism:dosimeter":1,"minecraft:diamond_shovel":1,"mekanismgenerators:heat_generator":9,"minecraft:cooked_mutton":4,"minecraft:iron_bars":2,"minecraft:glass":119,"minecraft:iron_boots":1,"minecraft:chest":3,"galosphere:silver_ingot":6,"minecraft:birch_door":1,"mekanism:ingot_steel":52,"mekanism:energy_tablet":4,"mekanism:ingot_tin":35,"sophisticatedbackpacks:backpack":1,"minecraft:emerald":6,"minecraft:diamond_axe":1,"minecraft:crafting_table":4,"minecraft:spruce_planks":18,"minecraft:wooden_pickaxe":1,"minecraft:baked_potato":195,"minecraft:copper_ingot":58,"mekanism:purification_chamber":1,"minecraft:birch_planks":93,"minecraft:iron_chestplate":1,"minecraft:diamond_pickaxe":1,"minecraft:charcoal":160,"mekanism:steel_casing":9,"minecraft:shield":2,"minecraft:stick":89,"mekanism:crusher":1,"mekanism:dictionary":1,"minecraft:iron_ingot":248,"minecraft:iron_pickaxe":10,"minecraft:gold_ingot":19,"mekanism:osmium_compressor":1,"mekanismtools:steel_pickaxe":1,"minecraft:birch_stairs":11,"mekanism:advanced_universal_cable":3,"mekanism:basic_universal_cable":10,"mekanismgenerators:wind_generator":1,"mekanism:basic_chemical_tank":1,"minecraft:furnace":14,"mekanism:energized_smelter":1,"minecraft:bone_meal":36,"minecraft:glass_pane":4,"minecraft:flint_and_steel":1,"minecraft:iron_axe":5,"minecraft:ladder":1,"minecraft:stone_pickaxe":2,"minecraft:redstone_block":18,"minecraft:wheat":7,"sophisticatedbackpacks:iron_backpack":2,"minecraft:cooked_beef":38,"minecraft:coal_block":2,"mekanismtools:osmium_sword":1,"mekanism:metallurgic_infuser":3,"mekanismtools:steel_axe":1,"minecraft:bucket":5,"minecraft:stone_axe":3,"minecraft:bread":26,"minecraft:air":1597,"duneons:outpostwood_planks":6,"minecraft:blue_dye":1,"mekanismtools:steel_shovel":1,"minecraft:white_wool":2,"mekanism:basic_energy_cube":1,"mekanismtools:steel_paxel":1,"mekanism:enrichment_chamber":2,"minecraft:iron_shovel":5,"minecraft:iron_leggings":2,"mekanism:advanced_control_circuit":4,"minecraft:white_bed":1,"minecraft:torch":77,"create:zinc_ingot":64},"minecraft:custom":{"minecraft:animals_bred":2,"minecraft:interact_with_crafting_table":142,"minecraft:open_barrel":6,"minecraft:bell_ring":1,"minecraft:leave_game":17,"minecraft:time_since_death":369453,"minecraft:sprint_one_cm":869679,"minecraft:damage_blocked_by_shield":3720,"minecraft:drop":133,"minecraft:talked_to_villager":8,"minecraft:play_time":752271,"minecraft:deaths":6,"minecraft:jump":8222,"minecraft:walk_on_water_one_cm":104069,"minecraft:interact_with_furnace":323,"minecraft:traded_with_villager":6,"minecraft:interact_with_loom":1,"minecraft:sleep_in_bed":41,"minecraft:damage_dealt":17615,"minecraft:crouch_one_cm":202611,"minecraft:mob_kills":92,"minecraft:climb_one_cm":7925,"minecraft:walk_one_cm":1725386,"minecraft:sneak_time":88140,"minecraft:walk_under_water_one_cm":77750,"minecraft:interact_with_blast_furnace":10,"minecraft:total_world_time":752271,"minecraft:time_since_rest":32928,"minecraft:damage_taken":7292,"minecraft:swim_one_cm":30437,"minecraft:fly_one_cm":1059991,"minecraft:open_chest":503,"minecraft:fall_one_cm":190422},"minecraft:mined":{"mekanismgenerators:wind_generator":1,"create:deepslate_zinc_ore":63,"minecraft:spruce_planks":4,"minecraft:white_bed":3,"mekanism:advanced_universal_cable":6,"duneons:golemruin_2":1,"biomesoplenty:brimstone":48,"tfmg:lignite":52,"minecraft:obsidian":23,"duneons:charredstone":3,"tfmg:sulfur":32,"minecraft:spruce_trapdoor":1,"minecraft:granite":38,"biomesoplenty:umbran_planks":2,"minecraft:grass_block":815,"biomesoplenty:eyebulb":1,"duneons:charredgrassblock":5,"minecraft:glowstone":38,"minecraft:fire":2,"minecraft:iron_ore":188,"minecraft:cobbled_deepslate":31,"minecraft:pumpkin":88,"minecraft:deepslate_lapis_ore":6,"biomesoplenty:flesh_tendons":3,"biomesoplenty:hanging_cobweb":2,"create:asurine":25,"minecraft:dirt_path":26,"minecraft:iron_bars":13,"duneons:highlandlog":6,"create:veridium":111,"duneons:vasehighland":1,"minecraft:deepslate_redstone_ore":39,"mekanism:osmium_ore":27,"duneons:goldchain":11,"mekanism:enrichment_chamber":2,"biomesoplenty:brimstone_fumarole":1,"minecraft:torch":18,"minecraft:chest":12,"duneons:outposttent":1,"mekanism:tin_ore":46,"galosphere:silver_ore":23,"minecraft:nether_quartz_ore":21,"mahoutsukai:mahoujin":1,"minecraft:cobblestone":60,"minecraft:sugar_cane":21,"minecraft:oak_planks":1,"minecraft:wall_torch":13,"minecraft:deepslate_copper_ore":11,"minecraft:seagrass":1,"duneons:leaveswindswept":6,"mekanism:fluorite_ore":1,"minecraft:birch_log":374,"minecraft:wheat":14,"minecraft:lilac":6,"minecraft:birch_door":1,"duneons:windorangebannertop":1,"duneons:creeperwoodstallgrass":1,"minecraft:grass":38,"mekanism:deepslate_tin_ore":43,"minecraft:oak_log":21,"mekanism:lead_ore":15,"minecraft:sand":162,"minecraft:dirt":96,"minecraft:smooth_basalt":9,"minecraft:netherrack":175,"create:crimsite":1,"minecraft:oak_leaves":2,"minecraft:deepslate":376,"biomesoplenty:reed":1,"create:zinc_ore":72,"minecraft:tuff":62,"minecraft:mossy_cobblestone":1,"duneons:ruingolem_4":1,"minecraft:deepslate_diamond_ore":11,"mekanism:deepslate_osmium_ore":39,"mekanism:basic_chemical_tank":2,"duneons:windorangebannerwood":2,"minecraft:spruce_leaves":6,"minecraft:large_fern":1,"minecraft:hay_block":7,"minecraft:redstone_ore":4,"minecraft:furnace":13,"minecraft:carrots":1,"biomesoplenty:toadstool":1,"minecraft:andesite":44,"biomesoplenty:flesh":34,"minecraft:bookshelf":21,"minecraft:potatoes":48,"minecraft:shroomlight":4,"minecraft:deepslate_iron_ore":63,"biomesoplenty:brimstone_bud":2,"minecraft:stripped_oak_log":1,"biomesoplenty:barley":27,"biomesoplenty:spider_egg":2,"minecraft:stone":474,"minecraft:bone_block":6,"sophisticatedbackpacks:backpack":2,"minecraft:podzol":4,"biomesoplenty:porous_flesh":6,"minecraft:oak_slab":1,"minecraft:birch_stairs":6,"minecraft:glass_pane":1,"galosphere:deepslate_silver_ore":1,"minecraft:crafting_table":37,"minecraft:emerald_ore":3,"biomesoplenty:yellow_autumn_sapling":2,"minecraft:tall_grass":1,"minecraft:copper_ore":15,"minecraft:deepslate_gold_ore":17,"biomesoplenty:sprout":1,"minecraft:lapis_ore":6,"mekanism:metallurgic_infuser":5,"minecraft:diorite":21,"minecraft:blue_bed":9,"mekanism:uranium_ore":1,"minecraft:birch_planks":28,"minecraft:purple_bed":1,"minecraft:coarse_dirt":2,"biomesoplenty:yellow_autumn_leaves":32,"minecraft:spruce_log":25,"duneons:highlandfern":1,"minecraft:coal_ore":315,"minecraft:gravel":1,"mekanism:deepslate_fluorite_ore":4,"biomesoplenty:stringy_cobweb":1,"minecraft:cobweb":6,"mekanism:deepslate_uranium_ore":3,"minecraft:gold_ore":5,"minecraft:fern":47}},"DataVersion":3465}