{"stats":{"minecraft:crafted":{"minecraft:oak_planks":18,"mekanism:dosimeter":1,"mekanismgenerators:heat_generator":5,"minecraft:cooked_mutton":4,"minecraft:iron_bars":2,"minecraft:glass":55,"minecraft:chest":3,"galosphere:silver_ingot":6,"minecraft:birch_door":1,"mekanism:ingot_steel":18,"mekanism:energy_tablet":2,"mekanism:ingot_tin":35,"sophisticatedbackpacks:backpack":1,"minecraft:emerald":6,"minecraft:crafting_table":4,"minecraft:spruce_planks":18,"minecraft:wooden_pickaxe":1,"minecraft:baked_potato":193,"minecraft:copper_ingot":58,"minecraft:birch_planks":79,"minecraft:iron_chestplate":1,"minecraft:diamond_pickaxe":1,"minecraft:charcoal":113,"mekanism:steel_casing":3,"minecraft:shield":2,"minecraft:stick":67,"mekanism:dictionary":1,"minecraft:iron_ingot":163,"minecraft:iron_pickaxe":9,"minecraft:gold_ingot":19,"minecraft:birch_stairs":11,"mekanism:advanced_universal_cable":1,"mekanism:basic_universal_cable":8,"mekanism:basic_chemical_tank":1,"minecraft:furnace":10,"minecraft:bone_meal":12,"minecraft:glass_pane":4,"minecraft:iron_axe":5,"minecraft:ladder":1,"minecraft:stone_pickaxe":2,"minecraft:redstone_block":12,"minecraft:wheat":7,"sophisticatedbackpacks:iron_backpack":2,"minecraft:cooked_beef":38,"minecraft:coal_block":2,"mekanism:metallurgic_infuser":3,"minecraft:bucket":1,"minecraft:stone_axe":3,"minecraft:bread":26,"minecraft:air":1260,"duneons:outpostwood_planks":6,"minecraft:blue_dye":1,"mekanism:basic_energy_cube":1,"mekanism:enrichment_chamber":1,"minecraft:iron_shovel":4,"minecraft:iron_leggings":1,"minecraft:white_bed":1,"minecraft:torch":64,"create:zinc_ingot":64},"minecraft:custom":{"minecraft:animals_bred":2,"minecraft:interact_with_crafting_table":106,"minecraft:open_barrel":6,"minecraft:bell_ring":1,"minecraft:leave_game":17,"minecraft:time_since_death":184300,"minecraft:sprint_one_cm":674051,"minecraft:damage_blocked_by_shield":3720,"minecraft:drop":116,"minecraft:talked_to_villager":7,"minecraft:play_time":567118,"minecraft:deaths":6,"minecraft:jump":6206,"minecraft:walk_on_water_one_cm":48609,"minecraft:interact_with_furnace":248,"minecraft:traded_with_villager":6,"minecraft:interact_with_loom":1,"minecraft:sleep_in_bed":32,"minecraft:damage_dealt":13269,"minecraft:crouch_one_cm":129431,"minecraft:mob_kills":77,"minecraft:climb_one_cm":5429,"minecraft:walk_one_cm":1372502,"minecraft:sneak_time":64720,"minecraft:walk_under_water_one_cm":64556,"minecraft:total_world_time":567118,"minecraft:time_since_rest":29402,"minecraft:damage_taken":4945,"minecraft:swim_one_cm":20519,"minecraft:fly_one_cm":767261,"minecraft:open_chest":329,"minecraft:fall_one_cm":145493},"minecraft:used":{"mekanism:dictionary":2,"minecraft:iron_shovel":849,"minecraft:ladder":3,"minecraft:chest":12,"minecraft:shield":38,"minecraft:carrot":3,"minecraft:tuff":34,"mekanism:basic_energy_cube":1,"minecraft:lava_bucket":1,"duneons:dungeonscharredcobblestone":2,"minecraft:furnace":11,"minecraft:potato":49,"mekanism:advanced_universal_cable":5,"minecraft:diorite":5,"duneons:charredgrassblock":3,"minecraft:stone_pickaxe":171,"minecraft:wooden_pickaxe":266,"minecraft:sugar_cane":9,"minecraft:blue_bed":7,"alexscaves:cave_book":2,"duneons:outposttent":1,"sophisticatedbackpacks:backpack":2,"minecraft:bread":39,"mekanism:metallurgic_infuser":7,"biomesoplenty:yellow_autumn_sapling":11,"create:asurine":2,"minecraft:lilac":3,"minecraft:andesite":1,"minecraft:coarse_dirt":1,"minecraft:bone_meal":51,"mekanism:enrichment_chamber":3,"minecraft:iron_bars":32,"create:veridium":17,"minecraft:spruce_planks":48,"minecraft:torch":216,"minecraft:dirt":488,"minecraft:granite":9,"minecraft:birch_door":3,"minecraft:iron_axe":685,"mekanismgenerators:heat_generator":5,"duneons:goatgear_helmet":1,"minecraft:smooth_basalt":9,"minecraft:cooked_beef":15,"minecraft:cobbled_deepslate":52,"minecraft:iron_leggings":1,"duneons:leaveswindswept":5,"minecraft:wheat_seeds":14,"minecraft:water_bucket":2,"minecraft:birch_planks":153,"minecraft:baked_potato":28,"tfmg:lignite":34,"minecraft:crafting_table":32,"minecraft:white_bed":3,"minecraft:spruce_log":3,"duneons:goldchain":11,"mekanism:basic_chemical_tank":2,"minecraft:diamond_pickaxe":9,"minecraft:iron_pickaxe":1518,"minecraft:stone_axe":135,"minecraft:cobblestone":63,"minecraft:bucket":3,"minecraft:glass_pane":49,"alexsmobs:animal_dictionary":1,"minecraft:birch_stairs":46},"minecraft:mined":{"create:deepslate_zinc_ore":57,"minecraft:spruce_planks":4,"minecraft:white_bed":3,"mekanism:advanced_universal_cable":4,"duneons:golemruin_2":1,"tfmg:lignite":52,"duneons:charredstone":3,"minecraft:spruce_trapdoor":1,"minecraft:granite":36,"biomesoplenty:umbran_planks":2,"minecraft:grass_block":631,"duneons:charredgrassblock":5,"minecraft:iron_ore":157,"minecraft:cobbled_deepslate":30,"minecraft:pumpkin":88,"minecraft:deepslate_lapis_ore":6,"create:asurine":25,"minecraft:dirt_path":26,"minecraft:iron_bars":10,"duneons:highlandlog":6,"create:veridium":111,"duneons:vasehighland":1,"minecraft:deepslate_redstone_ore":39,"mekanism:osmium_ore":20,"duneons:goldchain":11,"mekanism:enrichment_chamber":2,"minecraft:torch":8,"minecraft:chest":12,"duneons:outposttent":1,"mekanism:tin_ore":27,"galosphere:silver_ore":14,"mahoutsukai:mahoujin":1,"minecraft:cobblestone":20,"minecraft:sugar_cane":4,"minecraft:oak_planks":1,"minecraft:wall_torch":8,"minecraft:deepslate_copper_ore":8,"minecraft:seagrass":1,"duneons:leaveswindswept":6,"mekanism:fluorite_ore":1,"minecraft:birch_log":229,"minecraft:wheat":14,"minecraft:lilac":5,"minecraft:birch_door":1,"duneons:windorangebannertop":1,"duneons:creeperwoodstallgrass":1,"minecraft:grass":35,"mekanism:deepslate_tin_ore":35,"minecraft:oak_log":21,"mekanism:lead_ore":9,"minecraft:sand":160,"minecraft:dirt":84,"minecraft:smooth_basalt":9,"create:crimsite":1,"minecraft:oak_leaves":2,"minecraft:deepslate":366,"biomesoplenty:reed":1,"create:zinc_ore":68,"minecraft:tuff":62,"minecraft:mossy_cobblestone":1,"duneons:ruingolem_4":1,"minecraft:deepslate_diamond_ore":11,"mekanism:deepslate_osmium_ore":38,"mekanism:basic_chemical_tank":2,"duneons:windorangebannerwood":2,"minecraft:spruce_leaves":6,"minecraft:large_fern":1,"minecraft:hay_block":7,"minecraft:redstone_ore":4,"minecraft:furnace":13,"minecraft:carrots":1,"biomesoplenty:toadstool":1,"minecraft:andesite":43,"minecraft:bookshelf":21,"minecraft:potatoes":48,"minecraft:deepslate_iron_ore":50,"minecraft:stripped_oak_log":1,"biomesoplenty:barley":16,"minecraft:stone":246,"minecraft:bone_block":6,"sophisticatedbackpacks:backpack":2,"minecraft:podzol":4,"minecraft:oak_slab":1,"minecraft:birch_stairs":6,"minecraft:glass_pane":1,"galosphere:deepslate_silver_ore":1,"minecraft:crafting_table":30,"minecraft:emerald_ore":3,"biomesoplenty:yellow_autumn_sapling":1,"minecraft:tall_grass":1,"minecraft:copper_ore":9,"minecraft:deepslate_gold_ore":16,"biomesoplenty:sprout":1,"minecraft:lapis_ore":6,"mekanism:metallurgic_infuser":5,"minecraft:diorite":7,"minecraft:blue_bed":9,"minecraft:birch_planks":28,"minecraft:purple_bed":1,"minecraft:coarse_dirt":2,"biomesoplenty:yellow_autumn_leaves":13,"minecraft:spruce_log":25,"duneons:highlandfern":1,"minecraft:coal_ore":284,"mekanism:deepslate_fluorite_ore":4,"mekanism:deepslate_uranium_ore":1,"minecraft:gold_ore":5,"minecraft:fern":39},"minecraft:killed_by":{"minecraft:wolf":5},"minecraft:broken":{"minecraft:iron_shovel":2,"minecraft:stone_pickaxe":1,"minecraft:wooden_pickaxe":1,"minecraft:shield":1,"minecraft:iron_pickaxe":4},"minecraft:picked_up":{"minecraft:birch_door":2,"minecraft:wheat":16,"mekanism:raw_uranium":1,"minecraft:raw_copper":53,"biomesoplenty:yellow_autumn_sapling":104,"duneons:goatgear_helmet":1,"duneons:windorangebannertop":1,"minecraft:iron_leggings":1,"biomesoplenty:umbran_boat":1,"minecraft:cobbled_deepslate":393,"mekanism:basic_universal_cable":1,"minecraft:spruce_planks":12,"minecraft:iron_pickaxe":1,"minecraft:furnace":13,"duneons:highlandlog":6,"minecraft:stick":43,"minecraft:torch":23,"biomesoplenty:umbran_planks":2,"minecraft:pointed_dripstone":64,"minecraft:diorite":7,"mekanism:raw_tin":62,"minecraft:rotten_flesh":13,"create:asurine":22,"create:veridium":100,"mekanism:ingot_osmium":21,"duneons:vasehighland":1,"minecraft:iron_bars":8,"minecraft:cobblestone":279,"minecraft:birch_log":230,"duneons:crystalblue":3,"minecraft:lilac":4,"minecraft:andesite":43,"minecraft:potato":182,"minecraft:tuff":60,"create:raw_zinc":167,"duneons:outposttent":1,"duneons:golemruin":2,"minecraft:lapis_lazuli":81,"minecraft:dirt":755,"minecraft:bone":14,"minecraft:wheat_seeds":86,"minecraft:raw_gold":21,"galosphere:raw_silver":20,"minecraft:oak_planks":1,"biomesoplenty:toadstool":18,"mekanism:metallurgic_infuser":4,"minecraft:sand":158,"minecraft:poisonous_potato":4,"duneons:dungeonscharredcobblestoneslab":1,"sophisticatedbackpacks:iron_backpack":2,"minecraft:mossy_cobblestone":1,"galosphere:silver_nugget":18,"create:crimsite":1,"minecraft:diamond":11,"minecraft:granite":36,"minecraft:emerald":3,"minecraft:crafting_table":30,"minecraft:coarse_dirt":2,"galosphere:pink_salt_straw":1,"duneons:goldchain":11,"minecraft:wooden_pickaxe":2,"mekanismtools:refined_obsidian_chestplate":2,"minecraft:wooden_sword":2,"minecraft:beef":54,"minecraft:sugar_cane":9,"minecraft:chest":13,"minecraft:spruce_trapdoor":1,"minecraft:raw_iron":207,"sophisticatedbackpacks:backpack":2,"minecraft:carrot":3,"minecraft:redstone":252,"minecraft:arrow":13,"minecraft:hay_block":7,"minecraft:mutton":6,"minecraft:white_wool":4,"minecraft:bone_block":6,"minecraft:stripped_oak_log":1,"mekanism:raw_lead":13,"duneons:windorangebannerwood":2,"minecraft:leather":30,"minecraft:birch_planks":28,"minecraft:oak_log":21,"minecraft:golden_boots":4,"minecraft:blue_bed":9,"mekanism:enrichment_chamber":2,"duneons:charredgrassblock":5,"minecraft:apple":10,"minecraft:iron_ingot":30,"minecraft:book":63,"minecraft:oak_slab":1,"minecraft:smooth_basalt":9,"duneons:dungeonscharredcobblestone":3,"minecraft:pumpkin":88,"tfmg:lignite":52,"mekanism:basic_chemical_tank":3,"minecraft:birch_stairs":6,"minecraft:spruce_sapling":2,"minecraft:spruce_log":24,"minecraft:white_bed":3,"duneons:leaveswindswept":5,"mekanism:raw_osmium":58,"minecraft:purple_bed":1,"mekanism:advanced_universal_cable":4,"mekanism:fluorite_gem":18,"minecraft:coal":355},"minecraft:dropped":{"sophisticatedbackpacks:iron_backpack":2,"biomesoplenty:umbran_planks":2,"mekanism:advanced_universal_cable":4,"minecraft:cooked_beef":5,"minecraft:diamond":3,"minecraft:crafting_table":1,"duneons:charredgrassblock":2,"create:crimsite":1,"minecraft:dirt":7,"duneons:windhole":1,"tfmg:lignite":3,"minecraft:wooden_sword":2,"minecraft:iron_pickaxe":1,"minecraft:white_wool":1,"biomesoplenty:toadstool":6,"minecraft:stone_axe":1,"duneons:goldblockchiseledslab":1,"alexsmobs:animal_dictionary":1,"minecraft:cobbled_deepslate":3,"biomesoplenty:yellow_autumn_sapling":32,"minecraft:pointed_dripstone":64,"minecraft:rotten_flesh":6,"minecraft:oak_planks":1,"minecraft:cooked_mutton":4,"minecraft:white_bed":1,"mekanism:basic_universal_cable":1,"minecraft:birch_door":1,"minecraft:chest":2,"minecraft:arrow":6,"biomesoplenty:dead_planks":1,"minecraft:oak_slab":1,"duneons:dungeonscharredcobblestoneslab":1,"minecraft:wheat_seeds":61,"minecraft:lilac":1,"minecraft:mossy_cobblestone":1,"minecraft:poisonous_potato":4,"mekanism:basic_chemical_tank":1,"minecraft:granite":1,"minecraft:stick":9,"duneons:golemruin":2,"duneons:vasehighland":1,"minecraft:diorite":2,"duneons:dungeonscharredcobblestone":1,"duneons:goatgear_helmet":1,"minecraft:iron_axe":1,"minecraft:spruce_sapling":2,"minecraft:coarse_dirt":1,"minecraft:tuff":2,"duneons:goldchain":1,"minecraft:stripped_oak_log":1,"galosphere:silver_nugget":18,"minecraft:pumpkin_seeds":3,"minecraft:spruce_trapdoor":1,"minecraft:spruce_planks":2,"minecraft:andesite":2,"minecraft:purple_bed":1,"galosphere:pink_salt_straw":1,"minecraft:stone_pickaxe":1,"minecraft:wooden_pickaxe":2,"duneons:sanctumstonepatternedgilded":1},"minecraft:killed":{"minecraft:spider":2,"minecraft:skeleton":7,"realmrpg_demons:chort":9,"minecraft:silverfish":4,"minecraft:wolf":7,"duneons:mountaineer":3,"minecraft:sheep":4,"minecraft:goat":1,"minecraft:zombie":7,"minecraft:cow":24,"mekanismadditions:baby_skeleton":5,"minecraft:husk":1}},"DataVersion":3465}