{"stats":{"minecraft:dropped":{"sophisticatedbackpacks:iron_backpack":2,"biomesoplenty:umbran_planks":2,"minecraft:cooked_beef":5,"minecraft:crafting_table":1,"duneons:charredgrassblock":2,"create:crimsite":1,"minecraft:dirt":7,"duneons:windhole":1,"minecraft:wooden_sword":2,"minecraft:white_wool":1,"biomesoplenty:toadstool":6,"minecraft:stone_axe":1,"duneons:goldblockchiseledslab":1,"alexsmobs:animal_dictionary":1,"minecraft:cobbled_deepslate":3,"biomesoplenty:yellow_autumn_sapling":32,"minecraft:rotten_flesh":6,"minecraft:oak_planks":1,"minecraft:cooked_mutton":4,"minecraft:white_bed":1,"minecraft:birch_door":1,"minecraft:chest":2,"minecraft:arrow":6,"biomesoplenty:dead_planks":1,"minecraft:oak_slab":1,"duneons:dungeonscharredcobblestoneslab":1,"minecraft:wheat_seeds":57,"minecraft:lilac":1,"minecraft:mossy_cobblestone":1,"minecraft:poisonous_potato":4,"mekanism:basic_chemical_tank":1,"minecraft:granite":1,"minecraft:stick":9,"duneons:golemruin":2,"duneons:vasehighland":1,"minecraft:diorite":2,"duneons:dungeonscharredcobblestone":1,"duneons:goatgear_helmet":1,"minecraft:iron_axe":1,"minecraft:spruce_sapling":2,"minecraft:coarse_dirt":1,"minecraft:tuff":1,"duneons:goldchain":1,"minecraft:stripped_oak_log":1,"galosphere:silver_nugget":18,"minecraft:pumpkin_seeds":3,"minecraft:spruce_trapdoor":1,"minecraft:spruce_planks":2,"minecraft:andesite":2,"minecraft:purple_bed":1,"galosphere:pink_salt_straw":1,"minecraft:stone_pickaxe":1,"minecraft:wooden_pickaxe":2,"duneons:sanctumstonepatternedgilded":1},"minecraft:custom":{"minecraft:animals_bred":2,"minecraft:interact_with_crafting_table":77,"minecraft:open_barrel":6,"minecraft:bell_ring":1,"minecraft:leave_game":15,"minecraft:time_since_death":81455,"minecraft:sprint_one_cm":555237,"minecraft:damage_blocked_by_shield":3720,"minecraft:drop":101,"minecraft:talked_to_villager":7,"minecraft:play_time":464273,"minecraft:deaths":6,"minecraft:jump":5366,"minecraft:walk_on_water_one_cm":41760,"minecraft:interact_with_furnace":159,"minecraft:traded_with_villager":6,"minecraft:interact_with_loom":1,"minecraft:sleep_in_bed":26,"minecraft:damage_dealt":13090,"minecraft:crouch_one_cm":113965,"minecraft:mob_kills":76,"minecraft:climb_one_cm":2179,"minecraft:walk_one_cm":1220909,"minecraft:sneak_time":58157,"minecraft:walk_under_water_one_cm":60762,"minecraft:total_world_time":464273,"minecraft:time_since_rest":8003,"minecraft:damage_taken":4878,"minecraft:swim_one_cm":17964,"minecraft:fly_one_cm":620599,"minecraft:open_chest":232,"minecraft:fall_one_cm":130030},"minecraft:used":{"mekanism:dictionary":2,"minecraft:iron_shovel":709,"minecraft:ladder":3,"minecraft:chest":12,"minecraft:shield":38,"minecraft:carrot":3,"minecraft:tuff":32,"minecraft:lava_bucket":1,"duneons:dungeonscharredcobblestone":2,"minecraft:furnace":11,"minecraft:potato":49,"minecraft:diorite":5,"duneons:charredgrassblock":3,"minecraft:stone_pickaxe":171,"minecraft:wooden_pickaxe":266,"minecraft:blue_bed":7,"alexscaves:cave_book":2,"duneons:outposttent":1,"sophisticatedbackpacks:backpack":2,"minecraft:bread":39,"mekanism:metallurgic_infuser":5,"create:asurine":2,"minecraft:lilac":3,"minecraft:andesite":1,"minecraft:coarse_dirt":1,"minecraft:bone_meal":51,"minecraft:iron_bars":19,"create:veridium":6,"minecraft:spruce_planks":48,"minecraft:torch":207,"minecraft:dirt":470,"minecraft:birch_door":3,"mekanismgenerators:heat_generator":4,"minecraft:iron_axe":549,"duneons:goatgear_helmet":1,"minecraft:smooth_basalt":9,"minecraft:cooked_beef":15,"minecraft:cobbled_deepslate":48,"minecraft:iron_leggings":1,"duneons:leaveswindswept":5,"minecraft:wheat_seeds":14,"minecraft:water_bucket":2,"minecraft:birch_planks":153,"minecraft:baked_potato":21,"tfmg:lignite":34,"minecraft:crafting_table":31,"minecraft:white_bed":3,"minecraft:spruce_log":3,"duneons:goldchain":11,"mekanism:basic_chemical_tank":2,"minecraft:diamond_pickaxe":9,"minecraft:iron_pickaxe":1380,"minecraft:stone_axe":135,"minecraft:cobblestone":56,"minecraft:bucket":3,"minecraft:glass_pane":49,"alexsmobs:animal_dictionary":1,"minecraft:birch_stairs":46},"minecraft:broken":{"minecraft:iron_shovel":2,"minecraft:stone_pickaxe":1,"minecraft:wooden_pickaxe":1,"minecraft:shield":1,"minecraft:iron_pickaxe":4},"minecraft:crafted":{"minecraft:oak_planks":18,"mekanism:dosimeter":1,"mekanismgenerators:heat_generator":4,"minecraft:cooked_mutton":4,"minecraft:iron_bars":2,"minecraft:glass":34,"minecraft:chest":3,"galosphere:silver_ingot":6,"minecraft:birch_door":1,"mekanism:ingot_tin":35,"sophisticatedbackpacks:backpack":1,"minecraft:emerald":6,"minecraft:crafting_table":4,"minecraft:spruce_planks":18,"minecraft:wooden_pickaxe":1,"minecraft:baked_potato":120,"minecraft:copper_ingot":58,"minecraft:birch_planks":79,"minecraft:iron_chestplate":1,"minecraft:diamond_pickaxe":1,"minecraft:charcoal":4,"minecraft:shield":2,"minecraft:stick":67,"mekanism:dictionary":1,"minecraft:iron_ingot":117,"minecraft:iron_pickaxe":9,"minecraft:gold_ingot":19,"minecraft:birch_stairs":11,"mekanism:basic_chemical_tank":1,"minecraft:furnace":6,"minecraft:bone_meal":12,"minecraft:glass_pane":4,"minecraft:iron_axe":4,"minecraft:ladder":1,"minecraft:stone_pickaxe":2,"minecraft:wheat":7,"sophisticatedbackpacks:iron_backpack":2,"minecraft:cooked_beef":38,"minecraft:coal_block":2,"mekanism:metallurgic_infuser":1,"minecraft:bucket":1,"minecraft:stone_axe":3,"minecraft:bread":26,"minecraft:air":1227,"duneons:outpostwood_planks":6,"minecraft:blue_dye":1,"minecraft:iron_shovel":4,"minecraft:iron_leggings":1,"minecraft:white_bed":1,"minecraft:torch":64,"create:zinc_ingot":64},"minecraft:picked_up":{"minecraft:birch_door":2,"minecraft:wheat":15,"mekanism:raw_uranium":1,"minecraft:raw_copper":53,"biomesoplenty:yellow_autumn_sapling":62,"duneons:goatgear_helmet":1,"duneons:windorangebannertop":1,"minecraft:iron_leggings":1,"biomesoplenty:umbran_boat":1,"minecraft:cobbled_deepslate":373,"minecraft:spruce_planks":12,"minecraft:furnace":12,"duneons:highlandlog":6,"minecraft:stick":27,"minecraft:torch":20,"biomesoplenty:umbran_planks":2,"minecraft:diorite":7,"mekanism:raw_tin":55,"minecraft:rotten_flesh":13,"create:asurine":22,"create:veridium":83,"duneons:vasehighland":1,"minecraft:iron_bars":6,"minecraft:cobblestone":256,"minecraft:birch_log":119,"duneons:crystalblue":3,"minecraft:lilac":4,"minecraft:andesite":43,"minecraft:potato":182,"minecraft:tuff":57,"create:raw_zinc":155,"duneons:outposttent":1,"duneons:golemruin":2,"minecraft:lapis_lazuli":45,"minecraft:dirt":737,"minecraft:bone":14,"minecraft:wheat_seeds":82,"minecraft:raw_gold":21,"galosphere:raw_silver":19,"minecraft:oak_planks":1,"biomesoplenty:toadstool":18,"mekanism:metallurgic_infuser":4,"minecraft:sand":34,"duneons:dungeonscharredcobblestoneslab":1,"minecraft:poisonous_potato":4,"sophisticatedbackpacks:iron_backpack":2,"minecraft:mossy_cobblestone":1,"galosphere:silver_nugget":18,"create:crimsite":1,"minecraft:diamond":4,"minecraft:granite":27,"minecraft:emerald":3,"minecraft:crafting_table":29,"minecraft:coarse_dirt":2,"galosphere:pink_salt_straw":1,"duneons:goldchain":11,"minecraft:wooden_pickaxe":2,"mekanismtools:refined_obsidian_chestplate":2,"minecraft:wooden_sword":2,"minecraft:beef":54,"minecraft:chest":13,"minecraft:spruce_trapdoor":1,"minecraft:raw_iron":207,"sophisticatedbackpacks:backpack":2,"minecraft:carrot":3,"minecraft:redstone":154,"minecraft:arrow":13,"minecraft:hay_block":7,"minecraft:mutton":6,"minecraft:white_wool":4,"minecraft:bone_block":6,"minecraft:stripped_oak_log":1,"mekanism:raw_lead":13,"duneons:windorangebannerwood":2,"minecraft:leather":30,"minecraft:birch_planks":28,"minecraft:oak_log":21,"minecraft:golden_boots":4,"minecraft:blue_bed":9,"duneons:charredgrassblock":5,"minecraft:apple":5,"minecraft:iron_ingot":30,"minecraft:book":63,"minecraft:oak_slab":1,"minecraft:smooth_basalt":9,"duneons:dungeonscharredcobblestone":3,"minecraft:pumpkin":88,"tfmg:lignite":49,"mekanism:basic_chemical_tank":3,"minecraft:birch_stairs":6,"minecraft:spruce_sapling":2,"minecraft:spruce_log":24,"minecraft:white_bed":3,"duneons:leaveswindswept":5,"mekanism:raw_osmium":55,"minecraft:purple_bed":1,"minecraft:coal":353},"minecraft:killed_by":{"minecraft:wolf":5},"minecraft:killed":{"minecraft:spider":2,"minecraft:skeleton":7,"realmrpg_demons:chort":8,"minecraft:silverfish":4,"minecraft:wolf":7,"duneons:mountaineer":3,"minecraft:sheep":4,"minecraft:goat":1,"minecraft:zombie":7,"minecraft:cow":24,"mekanismadditions:baby_skeleton":5,"minecraft:husk":1},"minecraft:mined":{"create:deepslate_zinc_ore":45,"minecraft:spruce_planks":4,"minecraft:white_bed":3,"duneons:golemruin_2":1,"tfmg:lignite":49,"duneons:charredstone":3,"minecraft:spruce_trapdoor":1,"minecraft:granite":27,"biomesoplenty:umbran_planks":2,"minecraft:grass_block":621,"duneons:charredgrassblock":5,"minecraft:iron_ore":157,"minecraft:cobbled_deepslate":24,"minecraft:pumpkin":88,"create:asurine":25,"minecraft:dirt_path":26,"minecraft:iron_bars":7,"duneons:highlandlog":6,"create:veridium":94,"duneons:vasehighland":1,"minecraft:deepslate_redstone_ore":32,"mekanism:osmium_ore":20,"duneons:goldchain":11,"minecraft:torch":8,"minecraft:chest":12,"duneons:outposttent":1,"mekanism:tin_ore":25,"galosphere:silver_ore":14,"mahoutsukai:mahoujin":1,"minecraft:cobblestone":20,"minecraft:oak_planks":1,"minecraft:wall_torch":6,"minecraft:deepslate_copper_ore":8,"minecraft:seagrass":1,"duneons:leaveswindswept":6,"minecraft:birch_log":118,"minecraft:wheat":14,"minecraft:lilac":5,"minecraft:birch_door":1,"duneons:windorangebannertop":1,"duneons:creeperwoodstallgrass":1,"minecraft:grass":33,"mekanism:deepslate_tin_ore":30,"minecraft:oak_log":21,"mekanism:lead_ore":9,"minecraft:sand":36,"minecraft:dirt":76,"minecraft:smooth_basalt":9,"create:crimsite":1,"minecraft:oak_leaves":2,"minecraft:deepslate":350,"create:zinc_ore":68,"minecraft:tuff":58,"minecraft:mossy_cobblestone":1,"duneons:ruingolem_4":1,"minecraft:deepslate_diamond_ore":4,"mekanism:deepslate_osmium_ore":35,"mekanism:basic_chemical_tank":2,"duneons:windorangebannerwood":2,"minecraft:spruce_leaves":6,"minecraft:large_fern":1,"minecraft:hay_block":7,"minecraft:redstone_ore":3,"minecraft:furnace":12,"minecraft:carrots":1,"biomesoplenty:toadstool":1,"minecraft:andesite":43,"minecraft:bookshelf":21,"minecraft:potatoes":48,"minecraft:deepslate_iron_ore":50,"minecraft:stripped_oak_log":1,"biomesoplenty:barley":13,"minecraft:stone":223,"minecraft:bone_block":6,"sophisticatedbackpacks:backpack":2,"minecraft:podzol":4,"minecraft:oak_slab":1,"minecraft:birch_stairs":6,"minecraft:glass_pane":1,"minecraft:crafting_table":29,"minecraft:emerald_ore":3,"minecraft:tall_grass":1,"minecraft:copper_ore":9,"minecraft:deepslate_gold_ore":16,"biomesoplenty:sprout":1,"minecraft:lapis_ore":6,"mekanism:metallurgic_infuser":5,"minecraft:diorite":7,"minecraft:blue_bed":9,"minecraft:birch_planks":28,"minecraft:purple_bed":1,"minecraft:coarse_dirt":2,"biomesoplenty:yellow_autumn_leaves":8,"minecraft:spruce_log":25,"duneons:highlandfern":1,"minecraft:coal_ore":284,"mekanism:deepslate_uranium_ore":1,"minecraft:gold_ore":5,"minecraft:fern":28}},"DataVersion":3465}