{"stats":{"minecraft:dropped":{"minecraft:stone_hoe":1,"sophisticatedbackpacks:iron_backpack":1,"biomesoplenty:umbran_planks":6,"duneons:dungeonscharredcobblestoneslab":3,"minecraft:wheat_seeds":14,"duneons:powerfulbow":1,"minecraft:cooked_beef":14,"minecraft:baked_potato":20,"duneons:burstgale":1,"duneons:sandstonebrickcracked":1,"duneons:charredgrassblock":2,"minecraft:cobblestone":1,"minecraft:glow_berries":3,"minecraft:granite":1,"duneons:dungeonscharreddirt":5,"minecraft:rail":3,"minecraft:dirt":2,"duneons:vasehighland":1,"minecraft:golden_carrot":1,"duneons:dungeonscharredcobblestone":5,"duneons:candle":7,"minecraft:wither_rose":2,"minecraft:bone_block":4,"minecraft:string":40,"minecraft:birch_log":1,"minecraft:white_wool":3,"duneons:ravager_gatewood":1,"minecraft:dandelion":1,"minecraft:gravel":4,"minecraft:furnace":1,"minecraft:stone_axe":1,"minecraft:cobbled_deepslate":27,"minecraft:stone_sword":1,"alexsmobs:animal_dictionary":2,"biomesoplenty:yellow_autumn_sapling":1,"minecraft:wheat":2,"minecraft:stone_shovel":1,"minecraft:rotten_flesh":7,"duneons:oakwoodbrew":1,"minecraft:oak_planks":1,"duneons:andesitehighlandstone":1,"sophisticatedbackpacks:backpack":1,"create:asurine":1,"duneons:spideregg":5,"minecraft:spruce_planks":2,"minecraft:andesite":1,"minecraft:leather_leggings":2,"minecraft:spider_eye":2,"duneons:minecartgift":1,"minecraft:powered_rail":2,"minecraft:stone_pickaxe":1,"minecraft:wooden_pickaxe":1,"minecraft:raw_gold":4,"duneons:mossycobblestone":1,"minecraft:water_bucket":1},"minecraft:custom":{"minecraft:mob_kills":41,"minecraft:interact_with_crafting_table":56,"minecraft:open_barrel":1,"minecraft:leave_game":12,"minecraft:time_since_death":51326,"minecraft:climb_one_cm":597,"minecraft:sprint_one_cm":827171,"minecraft:walk_one_cm":976241,"minecraft:damage_blocked_by_shield":3407,"minecraft:drop":79,"minecraft:play_time":285194,"minecraft:deaths":12,"minecraft:sneak_time":28096,"minecraft:walk_under_water_one_cm":33627,"minecraft:jump":4434,"minecraft:walk_on_water_one_cm":53393,"minecraft:total_world_time":285194,"minecraft:interact_with_furnace":75,"minecraft:interact_with_loom":1,"minecraft:sleep_in_bed":13,"minecraft:time_since_rest":50840,"minecraft:damage_taken":7920,"minecraft:damage_dealt":7172,"minecraft:swim_one_cm":68124,"minecraft:fly_one_cm":674612,"minecraft:crouch_one_cm":72780,"minecraft:open_chest":115,"minecraft:fall_one_cm":85660},"minecraft:used":{"minecraft:iron_shovel":10,"minecraft:stone_sword":32,"minecraft:flint_and_steel":10,"minecraft:stone_shovel":16,"minecraft:chest":24,"minecraft:spruce_planks":57,"minecraft:shield":70,"minecraft:iron_sword":154,"duneons:dungeonscharreddirt":1,"minecraft:stone_hoe":82,"minecraft:torch":194,"minecraft:dirt":118,"biomesoplenty:umbran_log":6,"minecraft:carrot":20,"duneons:spideregg":7,"duneons:vasehighland":1,"duneons:outpostbrickschiseled":1,"minecraft:iron_axe":14,"duneons:crystalblue":2,"minecraft:golden_carrot":3,"duneons:golemruin":3,"minecraft:furnace":10,"minecraft:potato":92,"minecraft:cooked_beef":10,"minecraft:cobbled_deepslate":61,"minecraft:cooked_mutton":4,"alexsmobs:cooked_catfish":2,"minecraft:water_bucket":56,"minecraft:baked_potato":15,"minecraft:birch_planks":3,"minecraft:oak_planks":4,"minecraft:stone_pickaxe":71,"minecraft:wooden_pickaxe":11,"minecraft:blue_bed":5,"minecraft:glow_berries":25,"minecraft:crafting_table":6,"duneons:outposttent":2,"minecraft:diamond_pickaxe":279,"duneons:spidereggtreetop":4,"biomesoplenty:umbran_planks":2,"minecraft:iron_pickaxe":192,"minecraft:bread":52,"duneons:minecartgift":1,"minecraft:stone_axe":101,"duneons:standfortorchgold":2,"biomesoplenty:toadstool":2,"minecraft:cobblestone":9,"minecraft:cooked_porkchop":2,"minecraft:bucket":56},"minecraft:broken":{"minecraft:shield":1,"minecraft:iron_axe":1},"minecraft:crafted":{"minecraft:golden_carrot":12,"minecraft:oak_planks":5,"minecraft:stone_shovel":1,"mahoutsukai:guidebook":1,"mekanism:ingot_osmium":23,"minecraft:furnace":7,"minecraft:cooked_mutton":4,"minecraft:flint_and_steel":1,"minecraft:iron_boots":1,"minecraft:iron_axe":1,"minecraft:stone_pickaxe":1,"minecraft:chest":18,"alexsmobs:cooked_catfish":2,"minecraft:stone_hoe":2,"sophisticatedbackpacks:iron_backpack":1,"minecraft:cooked_beef":17,"biomesoplenty:umbran_planks":36,"minecraft:red_dye":5,"biomesoplenty:dead_planks":3,"sophisticatedbackpacks:backpack":1,"minecraft:cooked_porkchop":2,"minecraft:crafting_table":1,"minecraft:spruce_planks":14,"minecraft:iron_helmet":1,"minecraft:baked_potato":19,"minecraft:wooden_pickaxe":1,"minecraft:iron_sword":1,"minecraft:bucket":1,"minecraft:birch_planks":6,"minecraft:stone_axe":1,"minecraft:air":768,"minecraft:bread":43,"minecraft:iron_chestplate":1,"minecraft:diamond_pickaxe":1,"minecraft:gold_nugget":13,"minecraft:shield":2,"minecraft:stick":20,"minecraft:iron_ingot":81,"minecraft:iron_pickaxe":2,"minecraft:stone_sword":1,"minecraft:iron_shovel":1,"minecraft:iron_leggings":1,"minecraft:gold_ingot":20,"minecraft:white_bed":1,"minecraft:torch":57},"minecraft:picked_up":{"duneons:candle":7,"minecraft:crafting_table":6,"minecraft:wheat":11,"minecraft:clay_ball":40,"minecraft:leather_leggings":2,"duneons:andesitehighlandstone":1,"minecraft:wither_rose":2,"duneons:oakwoodbrew":1,"minecraft:string":58,"biomesoplenty:yellow_autumn_sapling":1,"minecraft:raw_copper":5,"minecraft:iron_axe":1,"minecraft:cobbled_deepslate":152,"minecraft:spruce_planks":9,"minecraft:beef":6,"minecraft:poppy":5,"minecraft:chest":7,"minecraft:furnace":4,"minecraft:raw_iron":67,"minecraft:stick":1,"minecraft:torch":7,"sophisticatedbackpacks:backpack":1,"minecraft:porkchop":2,"minecraft:carrot":19,"minecraft:redstone":59,"duneons:mossycobblestone":1,"minecraft:arrow":1,"minecraft:rotten_flesh":7,"alexscaves:spelunkery_table":1,"create:asurine":1,"duneons:vasehighland":2,"minecraft:glow_berries":3,"minecraft:mutton":4,"minecraft:white_wool":4,"minecraft:bone_block":4,"minecraft:rail":3,"minecraft:cobblestone":166,"minecraft:birch_log":7,"duneons:dungeonscharreddirt":6,"duneons:crystalblue":8,"minecraft:cooked_beef":7,"minecraft:glow_ink_sac":3,"minecraft:water_bucket":1,"minecraft:andesite":1,"minecraft:leather":3,"minecraft:birch_planks":29,"biomesoplenty:dead_log":3,"minecraft:potato":29,"duneons:burstgale":1,"minecraft:flint":1,"minecraft:oak_log":2,"duneons:outposttent":2,"duneons:golemruin":3,"minecraft:lapis_lazuli":24,"minecraft:dirt":67,"minecraft:blue_bed":4,"minecraft:paper":20,"duneons:charredgrassblock":2,"minecraft:bone":2,"duneons:spidereggtreetop":4,"minecraft:wheat_seeds":14,"minecraft:raw_gold":6,"minecraft:cobweb":1,"duneons:sandstonebrickcracked":1,"minecraft:oak_planks":1,"biomesoplenty:umbran_log":42,"minecraft:book":6,"biomesoplenty:toadstool":2,"duneons:keydiamond":1,"duneons:outpostbrickschiseled":1,"duneons:dungeonscharredcobblestone":5,"minecraft:pumpkin":5,"minecraft:dandelion":1,"minecraft:gravel":4,"duneons:dungeonscharredcobblestoneslab":3,"duneons:powerfulbow":1,"sophisticatedbackpacks:iron_backpack":1,"minecraft:spruce_log":14,"duneons:standfortorchgold":2,"minecraft:spider_eye":2,"alexsmobs:animal_dictionary":1,"alexsmobs:raw_catfish":2,"minecraft:diamond":6,"duneons:minecartgift":2,"duneons:spideregg":12,"minecraft:granite":1,"minecraft:emerald":1,"minecraft:coal":72},"minecraft:killed_by":{"minecraft:player":2,"minecraft:wolf":1,"minecraft:creeper":1,"minecraft:cave_spider":1,"minecraft:zombie":1,"alexsmobs:grizzly_bear":2,"duneons:wraith":1,"minecraft:illusioner":1},"minecraft:killed":{"minecraft:cave_spider":4,"minecraft:spider":2,"duneons:babykeyblue":1,"minecraft:skeleton":3,"mekanismadditions:baby_skeleton":1,"realmrpg_demons:chort":9,"minecraft:wolf":4,"minecraft:husk":4,"minecraft:pig":1,"minecraft:sheep":3,"alexsmobs:catfish":1,"minecraft:zombie":4,"minecraft:glow_squid":1,"minecraft:cow":3},"minecraft:mined":{"alexscaves:spelunkery_table":1,"minecraft:spruce_planks":7,"duneons:golemruin":1,"minecraft:deepslate_diamond_ore":6,"duneons:golemruin_2":1,"duneons:spideregg":12,"duneons:charredstone":5,"minecraft:granite":1,"minecraft:grass_block":10,"duneons:highlandtallgrass":5,"minecraft:spruce_leaves":5,"duneons:standfortorchgold":2,"duneons:slabspawn_4":1,"duneons:charredgrassblock":2,"minecraft:furnace":4,"minecraft:carrots":5,"duneons:outpostbrickschiseled":1,"biomesoplenty:toadstool":2,"minecraft:iron_ore":39,"minecraft:fire":10,"minecraft:cobbled_deepslate":13,"minecraft:pumpkin":5,"minecraft:deepslate_lapis_ore":3,"create:asurine":2,"duneons:firepumkin":1,"minecraft:bookshelf":1,"minecraft:potatoes":11,"minecraft:cave_vines":3,"minecraft:deepslate_iron_ore":23,"minecraft:rail":3,"duneons:mossystone":1,"minecraft:stone":173,"minecraft:bone_block":4,"duneons:vasehighland":2,"minecraft:deepslate_redstone_ore":13,"duneons:clayvase":1,"duneons:candle":7,"minecraft:dandelion":1,"minecraft:clay":10,"mekanism:block_salt":1,"duneons:ruingolem":1,"minecraft:torch":2,"minecraft:crafting_table":5,"minecraft:poppy":5,"duneons:sandstonebrickcracked":1,"minecraft:chest":8,"duneons:outposttent":2,"minecraft:campfire":1,"minecraft:copper_ore":1,"duneons:crystalblue":2,"mahoutsukai:mahoujin":1,"duneons:azure_crystal":2,"minecraft:cobblestone":3,"biomesoplenty:sprout":4,"minecraft:blue_bed":4,"minecraft:wall_torch":3,"minecraft:birch_planks":3,"minecraft:birch_log":6,"duneons:spidereggtreetop":4,"minecraft:spruce_log":14,"duneons:creeperwoodstallgrass":10,"biomesoplenty:umbran_log":50,"minecraft:wither_rose":2,"biomesoplenty:dead_log":3,"minecraft:grass":27,"minecraft:coal_ore":55,"minecraft:oak_log":2,"minecraft:gravel":4,"minecraft:dirt":39,"duneons:andesitehighlandstone":1,"minecraft:cobweb":22,"duneons:dungeonscharreddirt":11,"minecraft:gold_ore":2,"minecraft:oak_leaves":4,"minecraft:deepslate":166,"biomesoplenty:reed":4,"minecraft:fern":39}},"DataVersion":3465}