{"stats":{"minecraft:crafted":{"minecraft:golden_carrot":12,"minecraft:oak_planks":5,"minecraft:stone_shovel":1,"mahoutsukai:guidebook":1,"mekanism:ingot_osmium":23,"minecraft:furnace":7,"minecraft:cooked_mutton":4,"minecraft:flint_and_steel":1,"minecraft:iron_boots":1,"minecraft:iron_axe":1,"minecraft:stone_pickaxe":1,"minecraft:chest":18,"alexsmobs:cooked_catfish":2,"minecraft:stone_hoe":2,"sophisticatedbackpacks:iron_backpack":1,"minecraft:cooked_beef":17,"biomesoplenty:umbran_planks":36,"minecraft:red_dye":5,"biomesoplenty:dead_planks":3,"sophisticatedbackpacks:backpack":1,"minecraft:cooked_porkchop":2,"minecraft:crafting_table":1,"minecraft:spruce_planks":14,"minecraft:iron_helmet":1,"minecraft:baked_potato":19,"minecraft:wooden_pickaxe":1,"minecraft:iron_sword":1,"minecraft:bucket":1,"minecraft:birch_planks":6,"minecraft:stone_axe":1,"minecraft:air":687,"minecraft:bread":42,"minecraft:iron_chestplate":1,"minecraft:diamond_pickaxe":1,"minecraft:gold_nugget":13,"minecraft:shield":1,"minecraft:stick":20,"minecraft:iron_pickaxe":2,"minecraft:iron_ingot":81,"minecraft:stone_sword":1,"minecraft:iron_shovel":1,"minecraft:iron_leggings":1,"minecraft:gold_ingot":20,"minecraft:white_bed":1,"minecraft:torch":37},"minecraft:broken":{"minecraft:iron_axe":1},"minecraft:dropped":{"minecraft:stone_hoe":1,"sophisticatedbackpacks:iron_backpack":1,"minecraft:water_bucket":1,"duneons:dungeonscharredcobblestoneslab":1,"minecraft:wheat_seeds":14,"duneons:powerfulbow":1,"minecraft:cooked_beef":14,"duneons:burstgale":1,"duneons:sandstonebrickcracked":1,"minecraft:glow_berries":3,"minecraft:cobblestone":1,"minecraft:dirt":2,"duneons:vasehighland":1,"minecraft:golden_carrot":1,"duneons:dungeonscharredcobblestone":1,"duneons:candle":7,"minecraft:bone_block":4,"minecraft:wither_rose":2,"minecraft:string":40,"minecraft:birch_log":1,"minecraft:white_wool":3,"duneons:ravager_gatewood":1,"minecraft:dandelion":1,"minecraft:gravel":4,"minecraft:furnace":1,"minecraft:stone_axe":1,"minecraft:stone_sword":1,"alexsmobs:animal_dictionary":2,"minecraft:stone_shovel":1,"minecraft:wheat":2,"biomesoplenty:yellow_autumn_sapling":1,"minecraft:rotten_flesh":6,"duneons:oakwoodbrew":1,"sophisticatedbackpacks:backpack":1,"create:asurine":1,"duneons:spideregg":5,"minecraft:spruce_planks":2,"minecraft:leather_leggings":2,"minecraft:spider_eye":2,"duneons:minecartgift":1,"minecraft:stone_pickaxe":1,"minecraft:wooden_pickaxe":1,"minecraft:raw_gold":4},"minecraft:picked_up":{"duneons:candle":7,"minecraft:crafting_table":2,"minecraft:wheat":4,"duneons:andesitehighlandstone":1,"minecraft:clay_ball":40,"minecraft:leather_leggings":2,"minecraft:wither_rose":2,"duneons:oakwoodbrew":1,"minecraft:string":58,"minecraft:raw_copper":5,"minecraft:iron_axe":1,"biomesoplenty:yellow_autumn_sapling":1,"minecraft:cobbled_deepslate":76,"minecraft:spruce_planks":9,"minecraft:beef":6,"minecraft:poppy":5,"minecraft:chest":7,"minecraft:furnace":4,"minecraft:stick":1,"minecraft:raw_iron":48,"minecraft:torch":5,"sophisticatedbackpacks:backpack":1,"minecraft:porkchop":2,"minecraft:carrot":19,"minecraft:redstone":59,"minecraft:arrow":1,"minecraft:rotten_flesh":7,"alexscaves:spelunkery_table":1,"create:asurine":1,"duneons:vasehighland":2,"minecraft:glow_berries":3,"minecraft:mutton":4,"minecraft:rail":3,"minecraft:bone_block":4,"minecraft:white_wool":4,"minecraft:cobblestone":42,"duneons:dungeonscharreddirt":2,"minecraft:birch_log":7,"duneons:crystalblue":8,"minecraft:cooked_beef":7,"minecraft:water_bucket":1,"minecraft:leather":3,"minecraft:potato":29,"biomesoplenty:dead_log":3,"minecraft:birch_planks":3,"duneons:burstgale":1,"minecraft:flint":1,"minecraft:oak_log":2,"duneons:outposttent":2,"minecraft:paper":20,"minecraft:dirt":52,"minecraft:blue_bed":4,"duneons:golemruin":3,"minecraft:bone":2,"duneons:spidereggtreetop":4,"minecraft:wheat_seeds":14,"minecraft:raw_gold":4,"minecraft:cobweb":1,"minecraft:oak_planks":1,"duneons:sandstonebrickcracked":1,"biomesoplenty:umbran_log":42,"minecraft:book":6,"biomesoplenty:toadstool":2,"duneons:outpostbrickschiseled":1,"duneons:dungeonscharredcobblestone":1,"minecraft:pumpkin":5,"minecraft:dandelion":1,"duneons:dungeonscharredcobblestoneslab":1,"minecraft:gravel":4,"duneons:powerfulbow":1,"sophisticatedbackpacks:iron_backpack":1,"minecraft:spruce_log":14,"duneons:standfortorchgold":2,"minecraft:spider_eye":2,"alexsmobs:animal_dictionary":1,"alexsmobs:raw_catfish":2,"minecraft:diamond":4,"duneons:spideregg":12,"duneons:minecartgift":2,"minecraft:coal":56},"minecraft:killed_by":{"minecraft:player":2,"minecraft:wolf":1,"minecraft:creeper":1,"minecraft:cave_spider":1,"minecraft:zombie":1,"alexsmobs:grizzly_bear":2,"duneons:wraith":1,"minecraft:illusioner":1},"minecraft:killed":{"minecraft:cave_spider":4,"minecraft:spider":2,"minecraft:skeleton":3,"mekanismadditions:baby_skeleton":1,"realmrpg_demons:chort":2,"minecraft:wolf":4,"minecraft:husk":4,"minecraft:pig":1,"minecraft:sheep":3,"alexsmobs:catfish":1,"minecraft:zombie":4,"minecraft:cow":3},"minecraft:custom":{"minecraft:mob_kills":32,"minecraft:interact_with_crafting_table":53,"minecraft:open_barrel":1,"minecraft:leave_game":8,"minecraft:time_since_death":6992,"minecraft:climb_one_cm":392,"minecraft:sprint_one_cm":747017,"minecraft:walk_one_cm":763269,"minecraft:damage_blocked_by_shield":2282,"minecraft:drop":60,"minecraft:play_time":240860,"minecraft:deaths":12,"minecraft:sneak_time":22053,"minecraft:walk_under_water_one_cm":31957,"minecraft:jump":3740,"minecraft:walk_on_water_one_cm":45314,"minecraft:total_world_time":240860,"minecraft:interact_with_furnace":75,"minecraft:interact_with_loom":1,"minecraft:sleep_in_bed":13,"minecraft:time_since_rest":6506,"minecraft:damage_taken":7286,"minecraft:damage_dealt":5782,"minecraft:swim_one_cm":68124,"minecraft:fly_one_cm":621965,"minecraft:crouch_one_cm":54020,"minecraft:open_chest":115,"minecraft:fall_one_cm":75962},"minecraft:used":{"minecraft:iron_shovel":3,"minecraft:stone_sword":32,"minecraft:flint_and_steel":10,"minecraft:stone_shovel":16,"minecraft:chest":24,"minecraft:spruce_planks":57,"minecraft:shield":55,"minecraft:iron_sword":126,"duneons:dungeonscharreddirt":1,"minecraft:stone_hoe":82,"minecraft:torch":100,"minecraft:dirt":43,"biomesoplenty:umbran_log":6,"minecraft:carrot":20,"duneons:spideregg":7,"duneons:vasehighland":1,"duneons:outpostbrickschiseled":1,"minecraft:iron_axe":12,"duneons:crystalblue":2,"duneons:golemruin":3,"minecraft:furnace":10,"minecraft:cooked_beef":10,"minecraft:cobbled_deepslate":61,"minecraft:potato":92,"minecraft:cooked_mutton":4,"alexsmobs:cooked_catfish":2,"minecraft:water_bucket":51,"minecraft:baked_potato":15,"minecraft:birch_planks":3,"minecraft:oak_planks":4,"minecraft:stone_pickaxe":71,"minecraft:wooden_pickaxe":11,"minecraft:blue_bed":5,"minecraft:glow_berries":10,"minecraft:crafting_table":2,"duneons:outposttent":2,"minecraft:diamond_pickaxe":21,"duneons:spidereggtreetop":4,"biomesoplenty:umbran_planks":2,"minecraft:bread":46,"minecraft:iron_pickaxe":191,"duneons:minecartgift":1,"duneons:standfortorchgold":2,"biomesoplenty:toadstool":2,"minecraft:stone_axe":101,"minecraft:cobblestone":9,"minecraft:cooked_porkchop":2,"minecraft:bucket":52},"minecraft:mined":{"alexscaves:spelunkery_table":1,"minecraft:spruce_planks":7,"duneons:golemruin":1,"minecraft:deepslate_diamond_ore":4,"duneons:golemruin_2":1,"duneons:spideregg":12,"duneons:charredstone":1,"minecraft:grass_block":10,"duneons:highlandtallgrass":5,"minecraft:spruce_leaves":5,"duneons:standfortorchgold":2,"minecraft:furnace":4,"minecraft:carrots":5,"duneons:outpostbrickschiseled":1,"biomesoplenty:toadstool":2,"minecraft:iron_ore":20,"minecraft:cobbled_deepslate":13,"minecraft:fire":10,"minecraft:pumpkin":5,"create:asurine":2,"minecraft:bookshelf":1,"minecraft:potatoes":11,"minecraft:deepslate_iron_ore":23,"minecraft:rail":3,"minecraft:stone":42,"minecraft:bone_block":4,"duneons:vasehighland":2,"minecraft:deepslate_redstone_ore":13,"duneons:candle":7,"minecraft:dandelion":1,"duneons:ruingolem":1,"mekanism:block_salt":1,"minecraft:clay":10,"minecraft:crafting_table":2,"minecraft:torch":1,"minecraft:poppy":5,"duneons:sandstonebrickcracked":1,"minecraft:chest":8,"duneons:outposttent":2,"minecraft:campfire":1,"minecraft:copper_ore":1,"duneons:crystalblue":2,"mahoutsukai:mahoujin":1,"duneons:azure_crystal":2,"minecraft:cobblestone":2,"biomesoplenty:sprout":4,"minecraft:blue_bed":4,"minecraft:wall_torch":2,"minecraft:birch_planks":3,"minecraft:birch_log":6,"duneons:spidereggtreetop":4,"minecraft:spruce_log":14,"biomesoplenty:umbran_log":50,"minecraft:wither_rose":2,"duneons:creeperwoodstallgrass":10,"biomesoplenty:dead_log":3,"minecraft:grass":27,"minecraft:oak_log":2,"minecraft:coal_ore":49,"duneons:andesitehighlandstone":1,"minecraft:gravel":4,"minecraft:dirt":25,"minecraft:cobweb":22,"duneons:dungeonscharreddirt":2,"minecraft:oak_leaves":4,"minecraft:deepslate":86,"biomesoplenty:reed":4,"minecraft:fern":39}},"DataVersion":3465}