{"stats":{"minecraft:killed":{"minecraft:cave_spider":7,"minecraft:spider":2,"minecraft:skeleton":5,"realmrpg_demons:chort":18,"minecraft:wolf":4,"minecraft:pig":1,"minecraft:sheep":3,"minecraft:zombie":4,"minecraft:glow_squid":1,"minecraft:cow":3,"duneons:babykeyblue":1,"mekanismadditions:baby_skeleton":1,"minecraft:husk":4,"alexsmobs:catfish":1},"minecraft:killed_by":{"minecraft:creeper":1,"minecraft:cave_spider":1,"minecraft:zombie":1,"alexsmobs:grizzly_bear":2,"duneons:wraith":1,"minecraft:illusioner":1,"minecraft:player":2,"minecraft:wolf":1,"realmrpg_demons:chort":1},"minecraft:picked_up":{"duneons:candle":7,"minecraft:wheat":19,"minecraft:wither_rose":2,"duneons:oakwoodbrew":1,"minecraft:string":61,"minecraft:raw_copper":5,"duneons:ashblock":9,"biomesoplenty:yellow_autumn_sapling":1,"minecraft:cobbled_deepslate":152,"minecraft:spruce_planks":9,"duneons:dungeonredglass":1,"minecraft:furnace":4,"minecraft:stick":1,"minecraft:torch":8,"minecraft:porkchop":2,"duneons:mossycobblestone":1,"minecraft:rotten_flesh":7,"create:asurine":1,"duneons:vasehighland":2,"minecraft:cobblestone":177,"minecraft:birch_log":7,"duneons:crystalblue":8,"minecraft:cooked_beef":7,"minecraft:water_bucket":1,"minecraft:andesite":1,"minecraft:potato":29,"biomesoplenty:dead_log":3,"duneons:burstgale":1,"minecraft:flint":1,"duneons:melondirt":77,"duneons:outposttent":2,"minecraft:dirt":72,"minecraft:lapis_lazuli":45,"duneons:golemruin":3,"minecraft:bone":5,"minecraft:wheat_seeds":14,"minecraft:raw_gold":6,"galosphere:raw_silver":1,"duneons:sandstonebrickcracked":1,"minecraft:oak_planks":1,"biomesoplenty:toadstool":2,"duneons:dungeonscharredcobblestoneslab":3,"duneons:dunglass2":1,"sophisticatedbackpacks:iron_backpack":1,"duneons:standfortorchgold":2,"alexsmobs:animal_dictionary":1,"minecraft:diamond":6,"minecraft:granite":1,"minecraft:emerald":1,"minecraft:crafting_table":7,"minecraft:clay_ball":40,"minecraft:leather_leggings":2,"duneons:andesitehighlandstone":1,"minecraft:shield":1,"minecraft:iron_axe":1,"duneons:zombietrophy":1,"minecraft:beef":6,"minecraft:poppy":5,"minecraft:chest":7,"minecraft:raw_iron":77,"sophisticatedbackpacks:backpack":1,"minecraft:carrot":19,"minecraft:redstone":59,"minecraft:arrow":5,"alexscaves:spelunkery_table":1,"minecraft:glow_berries":3,"minecraft:mutton":4,"minecraft:rail":3,"minecraft:bone_block":4,"minecraft:white_wool":4,"duneons:dungeonscharreddirt":6,"minecraft:glow_ink_sac":3,"minecraft:leather":3,"minecraft:birch_planks":29,"minecraft:oak_log":2,"minecraft:blue_bed":4,"minecraft:paper":20,"duneons:charredgrassblock":3,"duneons:spidereggtreetop":4,"minecraft:cobweb":1,"biomesoplenty:umbran_log":42,"minecraft:book":6,"duneons:keydiamond":1,"duneons:dungeonscharredcobblestone":5,"duneons:outpostbrickschiseled":1,"minecraft:pumpkin":5,"minecraft:dandelion":1,"duneons:anatomycreeper":1,"minecraft:gravel":4,"duneons:powerfulbow":1,"minecraft:spruce_log":14,"minecraft:spider_eye":2,"alexsmobs:raw_catfish":2,"duneons:spideregg":12,"duneons:minecartgift":2,"minecraft:coal":84},"minecraft:broken":{"minecraft:shield":1,"minecraft:iron_axe":1,"minecraft:iron_helmet":1},"minecraft:used":{"minecraft:iron_shovel":10,"minecraft:chest":24,"minecraft:shield":130,"minecraft:iron_sword":206,"biomesoplenty:umbran_log":6,"minecraft:carrot":20,"duneons:spideregg":7,"duneons:melondirt":45,"duneons:outpostbrickschiseled":1,"duneons:crystalblue":2,"minecraft:furnace":10,"minecraft:potato":92,"minecraft:stone_pickaxe":71,"minecraft:oak_planks":4,"minecraft:wooden_pickaxe":11,"minecraft:blue_bed":5,"minecraft:golden_apple":4,"minecraft:glow_berries":25,"duneons:outposttent":2,"biomesoplenty:umbran_planks":2,"minecraft:bread":59,"minecraft:stone_sword":32,"minecraft:flint_and_steel":10,"minecraft:stone_shovel":16,"minecraft:spruce_planks":57,"duneons:dungeonscharreddirt":1,"minecraft:stone_hoe":82,"minecraft:torch":252,"minecraft:dirt":145,"duneons:vasehighland":1,"minecraft:iron_axe":15,"minecraft:golden_carrot":7,"duneons:golemruin":3,"minecraft:cooked_beef":10,"minecraft:cobbled_deepslate":61,"minecraft:cooked_mutton":4,"minecraft:water_bucket":57,"alexsmobs:cooked_catfish":2,"minecraft:birch_planks":3,"minecraft:baked_potato":17,"minecraft:crafting_table":7,"duneons:spidereggtreetop":4,"minecraft:diamond_pickaxe":332,"minecraft:iron_pickaxe":192,"biomesoplenty:toadstool":2,"minecraft:stone_axe":101,"duneons:standfortorchgold":2,"duneons:minecartgift":1,"minecraft:cobblestone":76,"minecraft:cooked_porkchop":2,"minecraft:bucket":58},"minecraft:dropped":{"sophisticatedbackpacks:iron_backpack":1,"biomesoplenty:umbran_planks":6,"minecraft:cooked_beef":14,"minecraft:baked_potato":20,"duneons:burstgale":1,"duneons:charredgrassblock":2,"minecraft:glow_berries":3,"minecraft:rail":3,"minecraft:dirt":2,"minecraft:bone_block":4,"minecraft:birch_log":1,"minecraft:white_wool":3,"duneons:ravager_gatewood":1,"minecraft:gravel":4,"minecraft:stone_axe":1,"alexsmobs:animal_dictionary":2,"minecraft:cobbled_deepslate":27,"biomesoplenty:yellow_autumn_sapling":1,"minecraft:wheat":2,"minecraft:rotten_flesh":7,"minecraft:oak_planks":1,"create:asurine":1,"minecraft:leather_leggings":2,"minecraft:powered_rail":2,"duneons:mossycobblestone":1,"minecraft:water_bucket":1,"minecraft:stone_hoe":1,"duneons:dungeonscharredcobblestoneslab":3,"minecraft:wheat_seeds":14,"duneons:powerfulbow":1,"duneons:dungeonredglass":1,"duneons:sandstonebrickcracked":1,"minecraft:cobblestone":1,"minecraft:granite":1,"duneons:dungeonscharreddirt":5,"duneons:vasehighland":1,"minecraft:golden_carrot":1,"duneons:candle":7,"duneons:dungeonscharredcobblestone":5,"minecraft:wither_rose":2,"minecraft:string":40,"minecraft:dandelion":1,"minecraft:furnace":1,"minecraft:stone_sword":1,"minecraft:stone_shovel":1,"duneons:oakwoodbrew":1,"minecraft:iron_boots":1,"duneons:andesitehighlandstone":1,"sophisticatedbackpacks:backpack":1,"duneons:spideregg":5,"minecraft:shield":1,"minecraft:spruce_planks":2,"minecraft:andesite":1,"minecraft:spider_eye":2,"duneons:minecartgift":1,"minecraft:stone_pickaxe":1,"minecraft:wooden_pickaxe":1,"minecraft:raw_gold":4},"minecraft:crafted":{"minecraft:oak_planks":5,"mekanism:ingot_osmium":23,"minecraft:cooked_mutton":4,"minecraft:iron_boots":1,"minecraft:chest":18,"alexsmobs:cooked_catfish":2,"minecraft:stone_hoe":2,"minecraft:cooked_porkchop":2,"sophisticatedbackpacks:backpack":1,"minecraft:crafting_table":1,"minecraft:spruce_planks":14,"minecraft:wooden_pickaxe":1,"minecraft:baked_potato":30,"minecraft:iron_helmet":1,"minecraft:birch_planks":6,"minecraft:iron_chestplate":1,"minecraft:diamond_pickaxe":1,"minecraft:shield":6,"minecraft:stick":20,"minecraft:iron_ingot":81,"minecraft:iron_pickaxe":2,"minecraft:stone_sword":1,"minecraft:gold_ingot":20,"minecraft:golden_carrot":12,"minecraft:stone_shovel":1,"mahoutsukai:guidebook":1,"minecraft:furnace":7,"minecraft:flint_and_steel":1,"minecraft:iron_axe":1,"minecraft:stone_pickaxe":1,"sophisticatedbackpacks:iron_backpack":1,"minecraft:cooked_beef":17,"biomesoplenty:umbran_planks":36,"minecraft:red_dye":5,"biomesoplenty:dead_planks":3,"minecraft:iron_sword":1,"minecraft:bucket":1,"minecraft:stone_axe":1,"minecraft:bread":43,"minecraft:air":772,"minecraft:gold_nugget":13,"minecraft:iron_shovel":1,"minecraft:iron_leggings":1,"minecraft:white_bed":1,"minecraft:torch":57},"minecraft:custom":{"minecraft:interact_with_crafting_table":58,"minecraft:open_barrel":4,"minecraft:leave_game":12,"minecraft:time_since_death":21791,"minecraft:sprint_one_cm":896325,"minecraft:damage_blocked_by_shield":7522,"minecraft:drop":82,"minecraft:play_time":323882,"minecraft:deaths":13,"minecraft:jump":4955,"minecraft:walk_on_water_one_cm":54598,"minecraft:interact_with_furnace":79,"minecraft:interact_with_loom":1,"minecraft:sleep_in_bed":13,"minecraft:damage_dealt":9581,"minecraft:crouch_one_cm":84193,"minecraft:mob_kills":57,"minecraft:climb_one_cm":1485,"minecraft:walk_one_cm":1104908,"minecraft:sneak_time":31452,"minecraft:walk_under_water_one_cm":34308,"minecraft:total_world_time":323882,"minecraft:time_since_rest":21814,"minecraft:damage_taken":9487,"minecraft:damage_absorbed":106,"minecraft:swim_one_cm":71041,"minecraft:fly_one_cm":752655,"minecraft:open_chest":122,"minecraft:fall_one_cm":97819},"minecraft:mined":{"minecraft:spruce_planks":7,"duneons:golemruin":1,"duneons:ashblock":9,"duneons:golemruin_2":1,"duneons:charredstone":5,"minecraft:granite":1,"duneons:anatomycreeper":1,"minecraft:grass_block":10,"duneons:standfortorchgold":2,"duneons:charredgrassblock":3,"minecraft:iron_ore":49,"minecraft:cobbled_deepslate":13,"minecraft:fire":10,"minecraft:pumpkin":5,"minecraft:deepslate_lapis_ore":3,"create:asurine":2,"duneons:firepumkin":1,"minecraft:cave_vines":3,"duneons:glowmelonroot":67,"duneons:vasehighland":2,"minecraft:deepslate_redstone_ore":13,"mekanism:block_salt":1,"minecraft:clay":10,"minecraft:torch":2,"minecraft:poppy":5,"minecraft:chest":8,"duneons:outposttent":2,"galosphere:silver_ore":1,"duneons:crystalblue":2,"mahoutsukai:mahoujin":1,"minecraft:cobblestone":3,"duneons:azure_crystal":2,"duneons:zombietrophy":1,"minecraft:wall_torch":4,"minecraft:birch_log":6,"duneons:spidereggtreetop":4,"biomesoplenty:umbran_log":50,"minecraft:wither_rose":2,"duneons:creeperwoodstallgrass":15,"minecraft:grass":27,"biomesoplenty:dead_log":3,"minecraft:oak_log":2,"duneons:andesitehighlandstone":1,"minecraft:dirt":45,"duneons:dungeonredglass":1,"duneons:dungeonscharreddirt":11,"minecraft:oak_leaves":4,"minecraft:deepslate":166,"biomesoplenty:reed":4,"alexscaves:spelunkery_table":1,"minecraft:deepslate_diamond_ore":6,"duneons:bigferncreeperwoods":2,"duneons:spideregg":12,"duneons:highlandtallgrass":5,"create:ochrum":6,"minecraft:spruce_leaves":5,"duneons:slabspawn_4":1,"minecraft:furnace":4,"minecraft:carrots":5,"biomesoplenty:toadstool":2,"duneons:outpostbrickschiseled":1,"minecraft:andesite":1,"minecraft:bookshelf":1,"minecraft:potatoes":11,"minecraft:deepslate_iron_ore":23,"duneons:melondirt":12,"minecraft:rail":3,"duneons:mossystone":2,"duneons:dunglass2":1,"minecraft:stone":184,"minecraft:bone_block":4,"duneons:clayvase":1,"duneons:candle":7,"duneons:ruingolem":1,"minecraft:dandelion":1,"minecraft:crafting_table":6,"duneons:sandstonebrickcracked":1,"minecraft:campfire":1,"minecraft:copper_ore":1,"biomesoplenty:sprout":4,"minecraft:lapis_ore":4,"minecraft:blue_bed":4,"minecraft:birch_planks":3,"minecraft:spruce_log":14,"minecraft:coal_ore":55,"minecraft:gravel":4,"minecraft:dripstone_block":2,"minecraft:cobweb":22,"minecraft:gold_ore":2,"minecraft:fern":39}},"DataVersion":3465}