{"stats":{"minecraft:crafted":{"minecraft:oak_planks":1,"minecraft:birch_boat":1,"minecraft:cooked_chicken":7,"minecraft:cooked_mutton":10,"minecraft:iron_boots":1,"create:mechanical_press":1,"minecraft:chest":4,"minecraft:stone_hoe":1,"create:cogwheel":1,"sophisticatedbackpacks:backpack":2,"minecraft:cooked_porkchop":12,"minecraft:crafting_table":8,"minecraft:spruce_planks":12,"minecraft:wooden_pickaxe":1,"minecraft:iron_helmet":1,"minecraft:birch_planks":15,"create:mechanical_mixer":1,"minecraft:iron_chestplate":1,"minecraft:diamond_pickaxe":1,"create:water_wheel":1,"minecraft:shield":2,"biomesoplenty:umbran_boat":3,"minecraft:stick":42,"minecraft:iron_ingot":135,"minecraft:iron_pickaxe":8,"minecraft:iron_block":1,"minecraft:stone_sword":1,"minecraft:shears":1,"minecraft:iron_nugget":18,"minecraft:furnace":3,"minecraft:bone_meal":3,"minecraft:iron_axe":1,"minecraft:stone_pickaxe":5,"sophisticatedbackpacks:iron_backpack":1,"minecraft:cooked_beef":9,"biomesoplenty:umbran_planks":19,"create:andesite_alloy":7,"create:hand_crank":1,"minecraft:iron_sword":1,"biomesoplenty:umbran_door":3,"minecraft:bucket":1,"minecraft:stone_axe":1,"minecraft:bread":3,"minecraft:air":250,"create:whisk":1,"minecraft:wooden_axe":1,"minecraft:iron_shovel":1,"minecraft:iron_leggings":1,"minecraft:white_bed":2,"create:shaft":1,"minecraft:torch":61},"minecraft:custom":{"minecraft:interact_with_crafting_table":137,"minecraft:open_barrel":2,"minecraft:leave_game":21,"minecraft:time_since_death":51113,"minecraft:sprint_one_cm":874593,"minecraft:damage_blocked_by_shield":1425,"minecraft:drop":45,"minecraft:talked_to_villager":1,"minecraft:play_time":582983,"minecraft:deaths":7,"minecraft:jump":9584,"minecraft:walk_on_water_one_cm":174007,"minecraft:interact_with_furnace":110,"minecraft:sleep_in_bed":27,"minecraft:damage_dealt":13464,"minecraft:crouch_one_cm":242208,"minecraft:mob_kills":81,"minecraft:damage_dealt_resisted":545,"minecraft:climb_one_cm":80,"minecraft:walk_one_cm":1817319,"minecraft:sneak_time":76734,"minecraft:walk_under_water_one_cm":63844,"minecraft:boat_one_cm":59895,"minecraft:total_world_time":582983,"minecraft:time_since_rest":51172,"minecraft:damage_taken":5411,"minecraft:swim_one_cm":65751,"minecraft:fly_one_cm":926644,"minecraft:open_chest":228,"minecraft:fall_one_cm":134888},"minecraft:used":{"minecraft:iron_shovel":28,"minecraft:chest":2,"minecraft:shield":15,"minecraft:iron_sword":208,"duneons:ravager_gatewood":1,"minecraft:iron_chestplate":1,"minecraft:carrot":29,"create:shaft":1,"minecraft:furnace":6,"minecraft:stripped_birch_log":2,"minecraft:stone_pickaxe":490,"galosphere:pastel_pink_salt":2,"biomesoplenty:webbing":1,"minecraft:wooden_pickaxe":22,"minecraft:sugar_cane":8,"biomesoplenty:umbran_door":2,"minecraft:shears":31,"biomesoplenty:umbran_planks":3,"minecraft:bread":3,"biomesoplenty:yellow_autumn_sapling":1,"minecraft:coarse_dirt":9,"minecraft:bone_meal":9,"duneons:highlandberries":15,"minecraft:rose_bush":1,"minecraft:stone_sword":65,"minecraft:spruce_planks":5,"minecraft:stone_hoe":24,"minecraft:cooked_chicken":7,"minecraft:torch":117,"minecraft:dirt":83,"create:mechanical_mixer":1,"duneons:dungeonscharredcobblestoneslab":2,"minecraft:granite":4,"duneons:goatgear_chestplate":2,"duneons:vasehighland":1,"minecraft:wooden_axe":61,"alexsmobs:maggot":1,"minecraft:iron_axe":99,"duneons:goatgear_helmet":1,"minecraft:melon_seeds":3,"minecraft:cooked_beef":13,"minecraft:iron_leggings":1,"minecraft:cooked_mutton":10,"minecraft:wheat_seeds":14,"minecraft:water_bucket":25,"minecraft:baked_potato":11,"minecraft:birch_boat":2,"minecraft:crafting_table":14,"minecraft:white_bed":7,"minecraft:oak_log":3,"minecraft:diamond_pickaxe":17,"minecraft:apple":3,"create:mechanical_press":2,"minecraft:iron_pickaxe":1881,"create:water_wheel":5,"minecraft:spruce_sapling":2,"minecraft:stone_axe":2,"minecraft:cobblestone":233,"minecraft:cooked_porkchop":12,"minecraft:bucket":25,"biomesoplenty:umbran_boat":15,"alexsmobs:animal_dictionary":3,"create:hand_crank":3},"minecraft:mined":{"create:deepslate_zinc_ore":15,"minecraft:spruce_planks":11,"minecraft:white_bed":5,"minecraft:farmland":1,"galosphere:pastel_pink_salt":3,"create:andesite_casing":2,"tfmg:lignite":9,"duneons:charredstone":2,"minecraft:granite":52,"biomesoplenty:umbran_planks":3,"minecraft:grass_block":18,"galosphere:pink_salt":3,"duneons:charredgrassblock":3,"minecraft:iron_ore":178,"minecraft:cobbled_deepslate":3,"galosphere:pink_salt_straw":25,"minecraft:pumpkin":4,"create:asurine":2,"biomesoplenty:webbing":4,"galosphere:rose_pink_salt":6,"create:mechanical_press":2,"minecraft:deepslate_redstone_ore":14,"mekanism:osmium_ore":17,"minecraft:brown_mushroom":8,"minecraft:torch":7,"minecraft:poppy":1,"create:scoria":22,"minecraft:dead_bush":1,"mekanism:tin_ore":7,"galosphere:silver_ore":11,"minecraft:cobblestone":101,"duneons:azure_crystal":2,"minecraft:sugar_cane":6,"minecraft:wall_torch":6,"minecraft:cauldron":1,"minecraft:seagrass":2,"minecraft:birch_log":13,"minecraft:wheat":3,"create:mechanical_mixer":1,"biomesoplenty:umbran_log":19,"minecraft:wither_rose":3,"minecraft:grass":105,"minecraft:oak_log":8,"mekanism:lead_ore":4,"create:hand_crank":2,"minecraft:sand":2,"minecraft:dirt":87,"duneons:dungeonscharreddirt":7,"minecraft:deepslate":275,"create:zinc_ore":40,"minecraft:tuff":13,"minecraft:mossy_cobblestone":6,"minecraft:stripped_birch_log":3,"duneons:spideregg":1,"duneons:highlandgrass":3,"minecraft:spruce_leaves":6,"duneons:flooroutpost":1,"minecraft:large_fern":2,"minecraft:redstone_ore":6,"minecraft:furnace":3,"biomesoplenty:toadstool":24,"minecraft:andesite":126,"minecraft:deepslate_iron_ore":16,"galosphere:pink_salt_cluster":2,"duneons:ravager_gatewood":1,"biomesoplenty:spider_egg":1,"minecraft:stone":967,"minecraft:bone_block":1,"biomesoplenty:umbran_door":1,"minecraft:podzol":1,"mekanism:deepslate_lead_ore":2,"tfmg:bauxite":6,"minecraft:crafting_table":6,"minecraft:emerald_ore":17,"duneons:sandstonebrickcracked":2,"biomesoplenty:yellow_autumn_sapling":1,"minecraft:rose_bush":3,"create:water_wheel":4,"minecraft:campfire":1,"minecraft:tall_grass":2,"minecraft:copper_ore":18,"minecraft:lapis_ore":2,"biomesoplenty:sprout":21,"minecraft:deepslate_gold_ore":32,"minecraft:diorite":91,"minecraft:birch_planks":1,"mekanism:uranium_ore":1,"minecraft:coarse_dirt":9,"biomesoplenty:yellow_autumn_leaves":2,"minecraft:spruce_log":14,"minecraft:coal_ore":216,"minecraft:gravel":9,"mekanism:deepslate_fluorite_ore":16,"biomesoplenty:stringy_cobweb":2,"minecraft:cobweb":36,"mekanism:deepslate_uranium_ore":6,"minecraft:gold_ore":7,"minecraft:fern":11},"minecraft:killed_by":{"minecraft:zombie":2,"alexsmobs:grizzly_bear":1,"minecraft:wolf":2,"realmrpg_demons:chort":1,"minecraft:skeleton":1},"minecraft:broken":{"minecraft:stone_pickaxe":3,"minecraft:iron_pickaxe":6},"minecraft:picked_up":{"minecraft:wheat":20,"mekanism:raw_uranium":7,"minecraft:wither_rose":3,"duneons:oakwoodbrew":1,"minecraft:string":49,"minecraft:raw_copper":66,"biomesoplenty:yellow_autumn_sapling":1,"biomesoplenty:umbran_boat":13,"create:water_wheel":4,"create:mechanical_press":2,"minecraft:cobbled_deepslate":253,"minecraft:spruce_planks":11,"minecraft:rose_bush":2,"alexsmobs:raccoon_tail":1,"minecraft:furnace":3,"minecraft:stick":2,"create:mechanical_mixer":1,"minecraft:torch":65,"create:andesite_casing":2,"biomesoplenty:umbran_planks":3,"minecraft:porkchop":26,"minecraft:diorite":91,"minecraft:golden_chestplate":1,"mekanism:raw_tin":7,"minecraft:cauldron":1,"duneons:firepumkin":1,"galosphere:pink_salt":3,"minecraft:rotten_flesh":7,"create:scoria":16,"create:asurine":5,"duneons:vasehighland":1,"galosphere:pastel_pink_salt":3,"minecraft:cobblestone":1063,"minecraft:birch_log":13,"duneons:crystalblue":2,"minecraft:leather_chestplate":1,"minecraft:feather":9,"minecraft:cooked_beef":5,"minecraft:water_bucket":1,"minecraft:andesite":122,"minecraft:tuff":13,"create:raw_zinc":55,"minecraft:dirt":123,"minecraft:lapis_lazuli":15,"minecraft:stripped_birch_log":3,"minecraft:leather_boots":1,"minecraft:bone":9,"minecraft:bow":1,"minecraft:wheat_seeds":31,"minecraft:raw_gold":39,"biomesoplenty:webbing":4,"duneons:flooroutpost":1,"galosphere:raw_silver":11,"duneons:sandstonebrickcracked":2,"biomesoplenty:toadstool":19,"duneons:dungeonscharredcobblestoneslab":2,"minecraft:sand":2,"sophisticatedbackpacks:iron_backpack":3,"minecraft:mossy_cobblestone":6,"duneons:ravager_gatewood":2,"minecraft:diamond":3,"minecraft:granite":54,"minecraft:emerald":17,"alexsmobs:maggot":2,"minecraft:crafting_table":7,"minecraft:charcoal":2,"minecraft:coarse_dirt":10,"galosphere:pink_salt_straw":86,"minecraft:chicken":7,"minecraft:brown_mushroom":8,"tfmg:bauxite":4,"minecraft:beef":12,"minecraft:poppy":2,"minecraft:sugar_cane":8,"minecraft:raw_iron":193,"sophisticatedbackpacks:backpack":1,"galosphere:rose_pink_salt":12,"create:hand_crank":3,"minecraft:redstone":86,"minecraft:arrow":3,"minecraft:mutton":10,"minecraft:white_wool":14,"minecraft:bone_block":1,"minecraft:stripped_oak_log":1,"duneons:dungeonscharreddirt":12,"create:iron_sheet":5,"minecraft:purple_dye":1,"mekanism:raw_lead":6,"minecraft:leather":7,"biomesoplenty:umbran_door":1,"minecraft:oak_log":8,"minecraft:golden_boots":1,"duneons:charredgrassblock":3,"galosphere:pink_salt_shard":8,"minecraft:iron_ingot":52,"minecraft:cobweb":28,"biomesoplenty:umbran_log":19,"minecraft:book":4,"duneons:keydiamond":4,"minecraft:pumpkin":4,"duneons:dungeonscharredcobblestone":3,"minecraft:birch_boat":1,"tfmg:lignite":9,"mekanism:basic_chemical_tank":1,"minecraft:gravel":16,"duneons:powerfulbow":1,"minecraft:spruce_sapling":2,"minecraft:white_bed":5,"minecraft:spruce_log":12,"mekanism:raw_osmium":17,"duneons:spideregg":1,"mekanism:fluorite_gem":51,"minecraft:baked_potato":20,"minecraft:coal":312},"minecraft:dropped":{"sophisticatedbackpacks:iron_backpack":2,"minecraft:birch_planks":26,"minecraft:cooked_beef":1,"minecraft:crafting_table":1,"duneons:charredgrassblock":1,"galosphere:rose_pink_salt":6,"minecraft:dirt":20,"minecraft:white_wool":1,"biomesoplenty:toadstool":17,"minecraft:cobbled_deepslate":129,"minecraft:rotten_flesh":4,"minecraft:oak_planks":4,"minecraft:poppy":2,"create:scoria":16,"minecraft:water_bucket":1,"minecraft:iron_ingot":60,"duneons:powerfulbow":1,"minecraft:mossy_cobblestone":1,"duneons:sandstonebrickcracked":2,"mekanism:basic_chemical_tank":1,"minecraft:granite":1,"galosphere:pink_salt":3,"minecraft:paper":20,"minecraft:coarse_dirt":1,"duneons:oakwoodbrew":1,"sophisticatedbackpacks:backpack":2,"minecraft:andesite":5,"galosphere:pink_salt_straw":22,"biomesoplenty:webbing":3},"minecraft:killed":{"minecraft:cave_spider":2,"minecraft:spider":1,"minecraft:skeleton":6,"minecraft:chicken":7,"realmrpg_demons:chort":18,"minecraft:silverfish":1,"minecraft:wolf":2,"minecraft:pig":11,"minecraft:sheep":7,"minecraft:zombie":5,"alexsmobs:fly":1,"minecraft:cow":6,"alexsmobs:raccoon":2,"mekanismadditions:baby_skeleton":2,"minecraft:husk":6,"alexsmobs:cockroach":1,"minecraft:enderman":1}},"DataVersion":3465}