{"stats":{"minecraft:dropped":{"sophisticatedbackpacks:iron_backpack":2,"minecraft:water_bucket":1,"minecraft:iron_ingot":60,"minecraft:birch_planks":26,"duneons:powerfulbow":1,"minecraft:cooked_beef":1,"minecraft:mossy_cobblestone":1,"minecraft:crafting_table":1,"duneons:sandstonebrickcracked":2,"duneons:charredgrassblock":1,"mekanism:basic_chemical_tank":1,"minecraft:granite":1,"galosphere:rose_pink_salt":6,"minecraft:dirt":20,"galosphere:pink_salt":3,"minecraft:paper":20,"minecraft:white_wool":1,"biomesoplenty:toadstool":17,"minecraft:coarse_dirt":1,"minecraft:cobbled_deepslate":129,"minecraft:rotten_flesh":4,"duneons:oakwoodbrew":1,"minecraft:oak_planks":4,"sophisticatedbackpacks:backpack":2,"minecraft:poppy":2,"create:scoria":16,"minecraft:andesite":5,"galosphere:pink_salt_straw":22,"biomesoplenty:webbing":3},"minecraft:custom":{"minecraft:mob_kills":68,"minecraft:interact_with_crafting_table":127,"minecraft:open_barrel":2,"minecraft:leave_game":19,"minecraft:time_since_death":4234,"minecraft:climb_one_cm":48,"minecraft:sprint_one_cm":704379,"minecraft:walk_one_cm":1565488,"minecraft:damage_blocked_by_shield":1365,"minecraft:drop":45,"minecraft:play_time":506721,"minecraft:deaths":6,"minecraft:sneak_time":64852,"minecraft:walk_under_water_one_cm":54072,"minecraft:boat_one_cm":55035,"minecraft:jump":8281,"minecraft:walk_on_water_one_cm":161196,"minecraft:total_world_time":506721,"minecraft:interact_with_furnace":86,"minecraft:sleep_in_bed":27,"minecraft:time_since_rest":4238,"minecraft:damage_taken":4488,"minecraft:damage_dealt":10816,"minecraft:swim_one_cm":59510,"minecraft:fly_one_cm":764474,"minecraft:open_chest":142,"minecraft:crouch_one_cm":207874,"minecraft:fall_one_cm":119789},"minecraft:used":{"minecraft:rose_bush":1,"minecraft:stone_sword":65,"minecraft:iron_shovel":28,"minecraft:chest":2,"minecraft:spruce_planks":4,"minecraft:shield":14,"minecraft:iron_sword":208,"minecraft:cooked_chicken":7,"duneons:ravager_gatewood":1,"minecraft:stone_hoe":24,"minecraft:torch":89,"minecraft:dirt":80,"create:mechanical_mixer":1,"duneons:dungeonscharredcobblestoneslab":2,"minecraft:carrot":29,"minecraft:granite":4,"alexsmobs:maggot":1,"duneons:vasehighland":1,"minecraft:wooden_axe":61,"minecraft:melon_seeds":3,"create:shaft":1,"minecraft:furnace":6,"minecraft:cooked_mutton":8,"minecraft:cooked_beef":13,"minecraft:wheat_seeds":14,"minecraft:water_bucket":25,"minecraft:stripped_birch_log":2,"minecraft:stone_pickaxe":263,"minecraft:baked_potato":11,"galosphere:pastel_pink_salt":2,"minecraft:wooden_pickaxe":22,"biomesoplenty:webbing":1,"minecraft:crafting_table":14,"minecraft:white_bed":7,"biomesoplenty:umbran_door":2,"minecraft:shears":31,"biomesoplenty:umbran_planks":3,"minecraft:apple":2,"create:mechanical_press":2,"minecraft:bread":2,"minecraft:iron_pickaxe":1650,"create:water_wheel":5,"minecraft:spruce_sapling":2,"minecraft:stone_axe":2,"minecraft:cobblestone":216,"minecraft:cooked_porkchop":12,"minecraft:bucket":25,"create:hand_crank":3,"alexsmobs:animal_dictionary":3,"biomesoplenty:umbran_boat":14,"minecraft:coarse_dirt":9,"minecraft:bone_meal":9},"minecraft:broken":{"minecraft:stone_pickaxe":2,"minecraft:iron_pickaxe":6},"minecraft:crafted":{"minecraft:oak_planks":1,"minecraft:iron_nugget":18,"minecraft:cooked_chicken":7,"minecraft:furnace":3,"minecraft:bone_meal":3,"minecraft:cooked_mutton":8,"minecraft:iron_boots":1,"create:mechanical_press":1,"minecraft:stone_pickaxe":2,"minecraft:chest":4,"minecraft:stone_hoe":1,"create:cogwheel":1,"sophisticatedbackpacks:iron_backpack":1,"minecraft:cooked_beef":9,"biomesoplenty:umbran_planks":19,"create:andesite_alloy":7,"create:hand_crank":1,"sophisticatedbackpacks:backpack":2,"minecraft:cooked_porkchop":12,"minecraft:crafting_table":8,"minecraft:spruce_planks":12,"minecraft:iron_helmet":1,"minecraft:wooden_pickaxe":1,"minecraft:iron_sword":1,"biomesoplenty:umbran_door":3,"minecraft:bucket":1,"minecraft:birch_planks":7,"minecraft:stone_axe":1,"create:mechanical_mixer":1,"minecraft:air":213,"minecraft:bread":2,"create:whisk":1,"minecraft:iron_chestplate":1,"create:water_wheel":1,"minecraft:shield":1,"biomesoplenty:umbran_boat":3,"minecraft:stick":42,"minecraft:iron_ingot":128,"minecraft:iron_pickaxe":7,"minecraft:wooden_axe":1,"minecraft:iron_block":1,"minecraft:stone_sword":1,"minecraft:iron_shovel":1,"minecraft:iron_leggings":1,"minecraft:white_bed":2,"create:shaft":1,"minecraft:torch":44,"minecraft:shears":1},"minecraft:picked_up":{"galosphere:pink_salt_straw":86,"minecraft:charcoal":2,"minecraft:coarse_dirt":10,"minecraft:crafting_table":7,"minecraft:wheat":16,"minecraft:chicken":7,"mekanism:raw_uranium":5,"minecraft:brown_mushroom":8,"minecraft:wither_rose":3,"duneons:oakwoodbrew":1,"minecraft:string":47,"minecraft:raw_copper":58,"biomesoplenty:umbran_boat":12,"create:water_wheel":4,"create:mechanical_press":2,"minecraft:cobbled_deepslate":230,"minecraft:spruce_planks":10,"minecraft:beef":12,"minecraft:rose_bush":2,"minecraft:poppy":2,"alexsmobs:raccoon_tail":1,"minecraft:furnace":3,"minecraft:raw_iron":161,"minecraft:stick":2,"create:mechanical_mixer":1,"minecraft:torch":56,"biomesoplenty:umbran_planks":3,"create:andesite_casing":2,"sophisticatedbackpacks:backpack":1,"minecraft:porkchop":26,"galosphere:rose_pink_salt":12,"create:hand_crank":3,"minecraft:diorite":91,"minecraft:golden_chestplate":1,"mekanism:raw_tin":7,"minecraft:cauldron":1,"duneons:firepumkin":1,"galosphere:pink_salt":3,"minecraft:rotten_flesh":5,"create:scoria":16,"create:asurine":4,"duneons:vasehighland":1,"minecraft:mutton":10,"minecraft:bone_block":1,"galosphere:pastel_pink_salt":3,"minecraft:white_wool":14,"minecraft:cobblestone":879,"minecraft:birch_log":9,"minecraft:stripped_oak_log":1,"duneons:crystalblue":1,"duneons:dungeonscharreddirt":12,"create:iron_sheet":5,"minecraft:purple_dye":1,"minecraft:leather_chestplate":1,"minecraft:feather":9,"minecraft:cooked_beef":5,"mekanism:raw_lead":6,"minecraft:water_bucket":1,"minecraft:andesite":95,"minecraft:leather":7,"biomesoplenty:umbran_door":1,"minecraft:tuff":13,"create:raw_zinc":22,"minecraft:golden_boots":1,"minecraft:lapis_lazuli":15,"minecraft:stripped_birch_log":3,"minecraft:dirt":101,"minecraft:leather_boots":1,"duneons:charredgrassblock":3,"minecraft:bone":2,"galosphere:pink_salt_shard":8,"minecraft:wheat_seeds":31,"biomesoplenty:webbing":4,"minecraft:raw_gold":14,"minecraft:iron_ingot":52,"minecraft:cobweb":28,"duneons:flooroutpost":1,"galosphere:raw_silver":11,"duneons:sandstonebrickcracked":2,"biomesoplenty:umbran_log":19,"minecraft:book":4,"biomesoplenty:toadstool":19,"duneons:keydiamond":4,"duneons:dungeonscharredcobblestone":2,"minecraft:pumpkin":4,"tfmg:lignite":9,"minecraft:gravel":9,"mekanism:basic_chemical_tank":1,"duneons:dungeonscharredcobblestoneslab":2,"duneons:powerfulbow":1,"minecraft:spruce_sapling":2,"sophisticatedbackpacks:iron_backpack":2,"minecraft:white_bed":5,"minecraft:spruce_log":12,"mekanism:raw_osmium":17,"minecraft:mossy_cobblestone":6,"duneons:ravager_gatewood":2,"duneons:spideregg":1,"mekanism:fluorite_gem":51,"minecraft:granite":37,"minecraft:emerald":17,"alexsmobs:maggot":1,"minecraft:baked_potato":20,"minecraft:coal":229},"minecraft:killed_by":{"minecraft:wolf":2,"realmrpg_demons:chort":1,"minecraft:zombie":2,"alexsmobs:grizzly_bear":1},"minecraft:killed":{"minecraft:cave_spider":1,"alexsmobs:raccoon":2,"minecraft:spider":1,"minecraft:skeleton":2,"mekanismadditions:baby_skeleton":1,"minecraft:chicken":7,"realmrpg_demons:chort":14,"minecraft:silverfish":1,"minecraft:wolf":2,"minecraft:husk":6,"minecraft:pig":11,"minecraft:sheep":7,"alexsmobs:cockroach":1,"minecraft:zombie":3,"alexsmobs:fly":1,"minecraft:enderman":1,"minecraft:cow":6},"minecraft:mined":{"create:zinc_ore":22,"minecraft:tuff":13,"minecraft:spruce_planks":10,"minecraft:white_bed":5,"minecraft:farmland":1,"minecraft:mossy_cobblestone":6,"galosphere:pastel_pink_salt":3,"create:andesite_casing":2,"duneons:spideregg":1,"minecraft:stripped_birch_log":3,"tfmg:lignite":9,"duneons:charredstone":1,"minecraft:granite":36,"biomesoplenty:umbran_planks":3,"minecraft:grass_block":13,"duneons:highlandgrass":1,"minecraft:spruce_leaves":6,"duneons:flooroutpost":1,"minecraft:large_fern":2,"galosphere:pink_salt":3,"duneons:charredgrassblock":3,"minecraft:furnace":3,"biomesoplenty:toadstool":24,"minecraft:iron_ore":160,"minecraft:cobbled_deepslate":3,"galosphere:pink_salt_straw":25,"minecraft:andesite":100,"minecraft:pumpkin":4,"create:asurine":1,"minecraft:deepslate_iron_ore":2,"biomesoplenty:webbing":4,"galosphere:pink_salt_cluster":2,"duneons:ravager_gatewood":1,"galosphere:rose_pink_salt":6,"minecraft:stone":791,"minecraft:bone_block":1,"create:mechanical_press":2,"mekanism:deepslate_lead_ore":2,"biomesoplenty:umbran_door":1,"minecraft:podzol":1,"minecraft:brown_mushroom":8,"mekanism:osmium_ore":17,"minecraft:crafting_table":6,"minecraft:torch":4,"minecraft:emerald_ore":17,"minecraft:poppy":1,"duneons:sandstonebrickcracked":2,"create:scoria":22,"minecraft:rose_bush":3,"minecraft:dead_bush":1,"mekanism:tin_ore":7,"minecraft:campfire":1,"create:water_wheel":4,"galosphere:silver_ore":11,"minecraft:copper_ore":15,"minecraft:tall_grass":2,"duneons:azure_crystal":1,"minecraft:cobblestone":98,"biomesoplenty:sprout":21,"minecraft:deepslate_gold_ore":8,"minecraft:lapis_ore":2,"minecraft:wall_torch":3,"minecraft:diorite":91,"minecraft:cauldron":1,"minecraft:seagrass":2,"minecraft:birch_planks":1,"minecraft:coarse_dirt":9,"minecraft:birch_log":9,"biomesoplenty:yellow_autumn_leaves":2,"minecraft:wheat":3,"create:mechanical_mixer":1,"minecraft:spruce_log":14,"biomesoplenty:umbran_log":19,"minecraft:wither_rose":3,"minecraft:grass":105,"minecraft:coal_ore":135,"mekanism:lead_ore":4,"create:hand_crank":2,"minecraft:gravel":9,"mekanism:deepslate_fluorite_ore":16,"minecraft:dirt":72,"biomesoplenty:stringy_cobweb":1,"minecraft:cobweb":36,"mekanism:deepslate_uranium_ore":5,"duneons:dungeonscharreddirt":7,"minecraft:gold_ore":6,"minecraft:deepslate":252,"minecraft:fern":11}},"DataVersion":3465}