{"stats":{"minecraft:crafted":{"minecraft:oak_planks":2,"mekanism:ingot_osmium":14,"minecraft:cooked_chicken":1,"minecraft:furnace":1,"mekanism:ingot_uranium":1,"minecraft:cooked_mutton":7,"minecraft:glass":9,"minecraft:iron_boots":1,"minecraft:iron_axe":1,"minecraft:stone_pickaxe":1,"minecraft:chest":1,"galosphere:silver_ingot":8,"minecraft:oak_button":1,"minecraft:spruce_boat":2,"minecraft:birch_button":4,"minecraft:cooked_beef":8,"minecraft:arrow":6,"minecraft:cooked_porkchop":20,"minecraft:crafting_table":4,"minecraft:spruce_planks":41,"minecraft:baked_potato":21,"minecraft:wooden_pickaxe":1,"minecraft:iron_helmet":1,"minecraft:iron_sword":5,"minecraft:bucket":10,"minecraft:birch_planks":146,"minecraft:stone_axe":1,"minecraft:bread":2,"mekanism:ingot_lead":4,"minecraft:air":1520,"minecraft:diamond_pickaxe":1,"minecraft:shield":4,"minecraft:stick":98,"minecraft:iron_ingot":86,"minecraft:iron_pickaxe":11,"minecraft:stone_sword":1,"minecraft:iron_shovel":3,"minecraft:iron_leggings":1,"minecraft:gold_ingot":4,"minecraft:white_bed":1,"minecraft:torch":251,"create:zinc_ingot":35},"minecraft:custom":{"minecraft:mob_kills":81,"minecraft:interact_with_crafting_table":50,"minecraft:open_barrel":3,"minecraft:leave_game":7,"minecraft:time_since_death":189938,"minecraft:climb_one_cm":1012,"minecraft:sprint_one_cm":548708,"minecraft:walk_one_cm":1311033,"minecraft:damage_blocked_by_shield":5775,"minecraft:drop":58,"minecraft:play_time":323520,"minecraft:sneak_time":31439,"minecraft:deaths":4,"minecraft:walk_under_water_one_cm":11577,"minecraft:boat_one_cm":8550,"minecraft:jump":6132,"minecraft:walk_on_water_one_cm":55033,"minecraft:total_world_time":323520,"minecraft:interact_with_furnace":86,"minecraft:interact_with_loom":1,"minecraft:sleep_in_bed":7,"minecraft:time_since_rest":80220,"minecraft:damage_taken":4718,"minecraft:damage_dealt":12686,"minecraft:player_kills":2,"minecraft:swim_one_cm":53807,"minecraft:fly_one_cm":630240,"minecraft:open_chest":119,"minecraft:crouch_one_cm":108098,"minecraft:fall_one_cm":117063},"minecraft:used":{"minecraft:stone_sword":9,"minecraft:iron_shovel":648,"duneons:windhole":1,"minecraft:chest":1,"minecraft:spruce_planks":11,"minecraft:shield":76,"minecraft:iron_sword":360,"minecraft:cooked_chicken":1,"minecraft:torch":984,"minecraft:dirt":520,"minecraft:tuff":25,"minecraft:iron_axe":115,"duneons:crystalblue":1,"minecraft:iron_boots":1,"alexsmobs:ghostly_pickaxe":27,"minecraft:birch_button":4,"minecraft:furnace":5,"minecraft:cooked_beef":5,"minecraft:iron_leggings":1,"minecraft:cooked_mutton":11,"minecraft:water_bucket":6,"minecraft:baked_potato":7,"minecraft:oak_planks":1,"minecraft:stone_pickaxe":86,"minecraft:wooden_pickaxe":12,"minecraft:sand":1,"minecraft:crafting_table":10,"minecraft:white_bed":10,"minecraft:diamond_pickaxe":406,"minecraft:apple":1,"minecraft:bread":2,"minecraft:iron_pickaxe":1776,"minecraft:oak_button":1,"minecraft:gravel":137,"minecraft:stone_axe":52,"minecraft:cobblestone":140,"minecraft:cooked_porkchop":13,"minecraft:bucket":16,"biomesoplenty:umbran_boat":1,"duneons:highlandberries":50},"minecraft:mined":{"create:zinc_ore":57,"biomesoplenty:orange_autumn_leaves":1,"minecraft:diamond_ore":3,"create:deepslate_zinc_ore":57,"minecraft:tuff":37,"minecraft:white_bed":10,"minecraft:deepslate_diamond_ore":12,"minecraft:jack_o_lantern":1,"minecraft:obsidian":27,"mekanism:deepslate_osmium_ore":18,"minecraft:carved_pumpkin":1,"duneons:charredstone":1,"minecraft:granite":4,"minecraft:grass_block":413,"duneons:highlandtallgrass":2,"minecraft:spruce_leaves":3,"minecraft:redstone_ore":5,"duneons:charredgrassblock":4,"minecraft:furnace":6,"buildersaddition:gravel_path":11,"biomesoplenty:toadstool":2,"minecraft:iron_ore":170,"minecraft:andesite":32,"minecraft:pumpkin":3,"minecraft:deepslate_lapis_ore":12,"duneons:melondirt":3,"duneons:slabspawn_3":1,"minecraft:pointed_dripstone":36,"create:asurine":1,"minecraft:bookshelf":2,"minecraft:deepslate_iron_ore":31,"minecraft:rail":1,"duneons:mossystone":8,"minecraft:stripped_oak_log":1,"biomesoplenty:barley":1,"duneons:glowmelonroot":3,"minecraft:stone":509,"biomesoplenty:spider_egg":1,"create:veridium":1,"mekanism:deepslate_lead_ore":8,"minecraft:deepslate_redstone_ore":57,"mekanism:osmium_ore":52,"tfmg:bauxite":1,"galosphere:deepslate_silver_ore":40,"minecraft:powder_snow":11,"minecraft:oak_fence":4,"minecraft:crafting_table":9,"minecraft:torch":7,"minecraft:emerald_ore":4,"duneons:sandstonebrickcracked":6,"minecraft:chest":1,"mekanism:tin_ore":115,"galosphere:silver_ore":56,"duneons:azure_crystal":1,"duneons:crystalblue":1,"minecraft:copper_ore":1,"minecraft:cobblestone":17,"minecraft:deepslate_coal_ore":4,"biomesoplenty:sprout":1,"minecraft:deepslate_gold_ore":28,"minecraft:lapis_ore":8,"minecraft:oak_planks":7,"minecraft:diorite":7,"minecraft:wall_torch":6,"mekanism:fluorite_ore":6,"biomesoplenty:yellow_autumn_leaves":1,"minecraft:birch_log":49,"minecraft:spruce_log":41,"duneons:highlandfern":2,"mekanism:deepslate_tin_ore":18,"minecraft:grass":18,"minecraft:oak_log":7,"minecraft:coal_ore":392,"mekanism:lead_ore":27,"mekanism:deepslate_fluorite_ore":11,"duneons:sanctumstone":3,"minecraft:sand":1,"minecraft:dripstone_block":1,"minecraft:gravel":147,"minecraft:dirt":130,"minecraft:smooth_basalt":1,"biomesoplenty:stringy_cobweb":2,"minecraft:cobweb":153,"mekanism:deepslate_uranium_ore":19,"duneons:dungeonscharreddirt":12,"minecraft:gold_ore":1,"duneons:sandspawn":1,"minecraft:oak_leaves":17,"minecraft:deepslate":361,"minecraft:fern":11},"minecraft:killed_by":{"alexsmobs:grizzly_bear":2,"duneons:mountaineer":1},"minecraft:broken":{"minecraft:iron_shovel":2,"minecraft:iron_pickaxe":6},"minecraft:dropped":{"sophisticatedbackpacks:iron_backpack":4,"minecraft:iron_ingot":27,"minecraft:wheat_seeds":1,"duneons:powerfulbow":3,"minecraft:cooked_beef":5,"minecraft:oak_log":4,"duneons:burstgale":1,"biomesoplenty:umbran_door":2,"minecraft:cobblestone":19,"minecraft:apple":1,"minecraft:coal":2,"minecraft:dirt":24,"galosphere:raw_silver":7,"minecraft:rose_bush":1,"minecraft:jack_o_lantern":1,"duneons:goatgear_helmet":2,"minecraft:wither_rose":3,"minecraft:iron_shovel":1,"minecraft:string":4,"alexsmobs:raccoon_tail":1,"minecraft:spruce_sapling":12,"minecraft:redstone":135,"biomesoplenty:toadstool":3,"minecraft:stone_axe":1,"minecraft:stone_sword":1,"alexsmobs:animal_dictionary":1,"minecraft:tuff":3,"minecraft:pointed_dripstone":64,"minecraft:rotten_flesh":5,"duneons:highlandfern":2,"sophisticatedbackpacks:backpack":2,"create:asurine":1,"minecraft:white_bed":1,"duneons:highlandberries":6,"minecraft:shield":1,"minecraft:andesite":4,"minecraft:oak_sapling":1,"minecraft:carved_pumpkin":1,"minecraft:spider_eye":1,"duneons:sanctumstone":1,"minecraft:stone_pickaxe":1,"minecraft:wooden_pickaxe":3,"duneons:sanctumstonepatternedgilded":1,"biomesoplenty:webbing":3},"minecraft:picked_up":{"duneons:highlandberries":6,"minecraft:crafting_table":9,"minecraft:wheat":12,"minecraft:chicken":1,"mekanism:raw_uranium":19,"duneons:sanctumstone":2,"minecraft:wooden_pickaxe":2,"minecraft:wither_rose":3,"minecraft:string":145,"minecraft:raw_copper":3,"biomesoplenty:yellow_autumn_sapling":2,"duneons:goatgear_helmet":2,"minecraft:iron_shovel":1,"tfmg:bauxite":1,"biomesoplenty:umbran_boat":2,"minecraft:cobbled_deepslate":333,"minecraft:rose_bush":1,"alexsmobs:raccoon_tail":1,"minecraft:chest":1,"minecraft:furnace":6,"minecraft:stick":5,"minecraft:raw_iron":196,"minecraft:oak_fence":4,"minecraft:torch":23,"sophisticatedbackpacks:backpack":3,"minecraft:porkchop":10,"minecraft:pointed_dripstone":138,"minecraft:diorite":7,"minecraft:redstone":341,"duneons:mossycobblestone":8,"mekanism:raw_tin":133,"minecraft:arrow":11,"minecraft:rotten_flesh":24,"minecraft:carved_pumpkin":1,"create:asurine":1,"create:veridium":1,"minecraft:obsidian":27,"alexsmobs:ghostly_pickaxe":1,"minecraft:mutton":5,"minecraft:rail":7,"minecraft:white_wool":5,"minecraft:cobblestone":543,"minecraft:birch_log":47,"duneons:dungeonscharreddirt":12,"duneons:crystalblue":1,"minecraft:leather_chestplate":1,"minecraft:feather":9,"minecraft:cooked_beef":12,"duneons:sanctumstonepatternedgilded":1,"mekanism:raw_lead":34,"minecraft:andesite":35,"duneons:burstgale":1,"biomesoplenty:umbran_door":2,"minecraft:flint":8,"duneons:melondirt":6,"minecraft:tuff":38,"create:raw_zinc":113,"minecraft:oak_log":7,"minecraft:gunpowder":4,"minecraft:lapis_lazuli":129,"minecraft:dirt":569,"minecraft:cooked_mutton":7,"duneons:charredgrassblock":5,"minecraft:bone":9,"minecraft:apple":1,"minecraft:bow":1,"minecraft:wheat_seeds":18,"biomesoplenty:webbing":6,"minecraft:raw_gold":29,"minecraft:iron_ingot":26,"galosphere:raw_silver":96,"duneons:sandstonebrickcracked":6,"minecraft:oak_planks":9,"biomesoplenty:toadstool":4,"duneons:keydiamond":7,"minecraft:smooth_basalt":1,"minecraft:cooked_porkchop":7,"duneons:dungeonscharredcobblestone":1,"minecraft:pumpkin":3,"minecraft:dripstone_block":2,"duneons:dungeonscharredcobblestoneslab":3,"duneons:highlandfern":2,"minecraft:gravel":155,"duneons:powerfulbow":3,"minecraft:sand":2,"minecraft:spruce_sapling":19,"sophisticatedbackpacks:iron_backpack":5,"minecraft:white_bed":11,"minecraft:spruce_log":41,"mekanism:raw_osmium":69,"minecraft:spider_eye":5,"alexsmobs:animal_dictionary":1,"minecraft:diamond":15,"mekanism:fluorite_gem":47,"minecraft:granite":4,"alexsmobs:moose_ribs":1,"minecraft:emerald":4,"duneons:keygold":1,"minecraft:jack_o_lantern":1,"minecraft:oak_sapling":2,"minecraft:coal":491,"minecraft:ender_pearl":1},"minecraft:killed":{"minecraft:cave_spider":7,"alexsmobs:snow_leopard":1,"minecraft:spider":2,"duneons:wraith":3,"duneons:babykeyblue":1,"minecraft:skeleton":5,"mekanismadditions:baby_skeleton":4,"minecraft:chicken":1,"realmrpg_demons:chort":21,"alexsmobs:underminer":1,"minecraft:drowned":1,"minecraft:pig":4,"alexsmobs:skunk":1,"minecraft:creeper":3,"duneons:mountaineer":1,"minecraft:sheep":3,"minecraft:pillager":1,"minecraft:zombie":18,"alexsmobs:moose":1,"alexsmobs:fly":1}},"DataVersion":3465}