{"stats":{"minecraft:crafted":{"minecraft:wooden_sword":1,"minecraft:oak_planks":9,"minecraft:iron_boots":1,"minecraft:iron_axe":2,"minecraft:melon_seeds":4,"minecraft:stone_pickaxe":1,"mekanism:ingot_steel":13,"minecraft:crafting_table":1,"minecraft:spruce_planks":197,"minecraft:wooden_pickaxe":1,"minecraft:baked_potato":54,"minecraft:iron_sword":2,"minecraft:bucket":1,"minecraft:stone_axe":1,"minecraft:bread":42,"minecraft:air":134,"minecraft:charcoal":229,"minecraft:shield":1,"minecraft:stick":13,"minecraft:iron_pickaxe":2,"minecraft:wooden_axe":1,"minecraft:stone_sword":1,"minecraft:iron_shovel":3,"minecraft:iron_leggings":1,"minecraft:torch":4},"minecraft:used":{"minecraft:iron_shovel":199,"duneons:loggold":2,"minecraft:stone_sword":196,"minecraft:rose_bush":2,"minecraft:iron_bars":2,"minecraft:spruce_planks":129,"minecraft:iron_sword":220,"minecraft:stone_hoe":70,"minecraft:torch":18,"minecraft:dirt":103,"minecraft:carrot":44,"duneons:outpostbricks":28,"minecraft:wooden_axe":27,"alexsmobs:maggot":2,"minecraft:lava_bucket":2,"minecraft:iron_axe":186,"minecraft:melon_seeds":1,"minecraft:golden_carrot":1,"minecraft:potato":228,"minecraft:golden_axe":1,"minecraft:baked_potato":5,"minecraft:stone_pickaxe":48,"minecraft:oak_planks":1,"minecraft:wooden_pickaxe":22,"duneons:candlebras":1,"minecraft:blue_bed":1,"minecraft:crafting_table":5,"minecraft:apple":1,"minecraft:bread":59,"minecraft:iron_pickaxe":405,"mekanism:metallurgic_infuser":2,"minecraft:gravel":42,"duneons:minecartgift":4,"minecraft:cobblestone":3,"minecraft:white_banner":1,"minecraft:bucket":2,"alexsmobs:animal_dictionary":2},"minecraft:custom":{"minecraft:interact_with_smithing_table":3,"minecraft:mob_kills":51,"minecraft:interact_with_crafting_table":34,"minecraft:leave_game":11,"minecraft:time_since_death":102287,"minecraft:climb_one_cm":909,"minecraft:damage_resisted":136,"minecraft:sprint_one_cm":736270,"minecraft:walk_one_cm":791954,"minecraft:drop":66,"minecraft:play_time":371789,"minecraft:sneak_time":32909,"minecraft:deaths":12,"minecraft:walk_under_water_one_cm":19189,"minecraft:jump":3893,"minecraft:interact_with_brewingstand":1,"minecraft:walk_on_water_one_cm":67923,"minecraft:total_world_time":371789,"minecraft:interact_with_furnace":156,"minecraft:sleep_in_bed":6,"minecraft:time_since_rest":47529,"minecraft:damage_taken":6617,"minecraft:damage_dealt":11166,"minecraft:swim_one_cm":1408,"minecraft:fly_one_cm":564927,"minecraft:open_chest":180,"minecraft:crouch_one_cm":98504,"minecraft:fall_one_cm":107636},"minecraft:mined":{"create:zinc_ore":16,"minecraft:spruce_planks":10,"minecraft:mossy_cobblestone":2,"duneons:golden_barley":56,"duneons:bigferncreeperwoods":3,"minecraft:stripped_birch_log":1,"duneons:spideregg":5,"minecraft:brewing_stand":1,"mekanism:deepslate_osmium_ore":11,"minecraft:granite":46,"minecraft:grass_block":44,"duneons:goldtrabdoor":1,"duneons:highlandtallgrass":2,"duneons:highlandgrass":2,"minecraft:spruce_leaves":16,"duneons:peonydied":1,"minecraft:large_fern":17,"minecraft:tall_seagrass":2,"minecraft:redstone_ore":8,"minecraft:carrots":27,"buildersaddition:gravel_path":1,"minecraft:iron_ore":12,"minecraft:cobbled_deepslate":3,"minecraft:andesite":14,"duneons:outpostbricks":2,"minecraft:azure_bluet":1,"create:asurine":1,"minecraft:potatoes":111,"biomesoplenty:high_grass":10,"minecraft:dirt_path":4,"minecraft:iron_bars":2,"biomesoplenty:barley":2,"duneons:cavespideregg":3,"duneons:glowmelonroot":2,"minecraft:stone":214,"duneons:mossstoneblock":6,"minecraft:smithing_table":1,"minecraft:deepslate_redstone_ore":1,"minecraft:brown_mushroom":37,"mekanism:osmium_ore":3,"minecraft:lily_of_the_valley":1,"minecraft:dandelion":1,"minecraft:powder_snow":42,"mekanism:block_salt":3,"minecraft:clay":21,"minecraft:crafting_table":4,"minecraft:torch":6,"minecraft:poppy":5,"minecraft:melon":4,"minecraft:rose_bush":7,"minecraft:dead_bush":1,"galosphere:silver_ore":1,"minecraft:mushroom_stem":6,"biomesoplenty:high_grass_plant":5,"minecraft:copper_ore":37,"minecraft:cobblestone":2,"duneons:azure_crystal":1,"biomesoplenty:sprout":41,"minecraft:deepslate_gold_ore":4,"minecraft:oak_planks":1,"mekanism:metallurgic_infuser":1,"minecraft:wall_torch":8,"minecraft:diorite":9,"minecraft:deepslate_copper_ore":11,"minecraft:seagrass":2,"duneons:candlebras":1,"biomesoplenty:magic_leaves":1,"duneons:popflower":2,"biomesoplenty:yellow_autumn_leaves":9,"minecraft:birch_log":155,"duneons:loggold":2,"minecraft:lilac":5,"minecraft:spruce_log":87,"duneons:creeperwoodstallgrass":25,"minecraft:grass":56,"mekanism:deepslate_tin_ore":9,"minecraft:coal_ore":20,"minecraft:oak_log":5,"minecraft:gravel":98,"minecraft:dirt":25,"minecraft:sunflower":2,"duneons:andesitehighlandstone":1,"minecraft:sand":3,"minecraft:cobweb":1,"minecraft:red_mushroom_block":45,"duneons:dungeonscharreddirt":1,"minecraft:oak_leaves":25,"minecraft:deepslate":13,"minecraft:fern":36},"minecraft:broken":{"minecraft:iron_pickaxe":1},"minecraft:killed_by":{"minecraft:husk":2,"minecraft:wolf":1,"alexsmobs:crocodile":1,"minecraft:zombie":4},"minecraft:picked_up":{"minecraft:crafting_table":4,"minecraft:wheat":289,"minecraft:azure_bluet":1,"minecraft:clay_ball":48,"minecraft:smithing_table":1,"minecraft:brown_mushroom":108,"duneons:outpostbricks":2,"minecraft:brewing_stand":1,"minecraft:string":2,"minecraft:raw_copper":172,"biomesoplenty:yellow_autumn_sapling":5,"duneons:goatgear_helmet":1,"duneons:loggold":2,"mekanism:basic_universal_cable":1,"minecraft:cobbled_deepslate":15,"minecraft:spruce_planks":49,"duneons:cavespideregg":3,"minecraft:rose_bush":12,"minecraft:poppy":8,"alexsmobs:raccoon_tail":1,"minecraft:melon_slice":24,"minecraft:stick":29,"minecraft:raw_iron":12,"minecraft:torch":16,"minecraft:porkchop":2,"minecraft:diorite":9,"minecraft:carrot":101,"minecraft:redstone":42,"mekanism:raw_tin":9,"minecraft:arrow":6,"minecraft:rotten_flesh":6,"duneons:mossstoneblock":6,"create:asurine":2,"minecraft:mutton":2,"minecraft:iron_bars":2,"minecraft:white_wool":2,"minecraft:cobblestone":210,"minecraft:birch_log":149,"duneons:dungeonscharreddirt":1,"duneons:candlebras":1,"duneons:crystalblue":1,"minecraft:lilac":14,"minecraft:golden_carrot":1,"minecraft:andesite":14,"minecraft:red_mushroom":6,"minecraft:potato":409,"minecraft:birch_planks":1,"minecraft:flint":9,"create:raw_zinc":16,"minecraft:oak_log":5,"minecraft:stripped_birch_log":1,"minecraft:dirt":70,"minecraft:lantern":7,"minecraft:white_banner":1,"minecraft:leather_boots":1,"minecraft:bone":1,"minecraft:apple":2,"minecraft:wheat_seeds":30,"minecraft:raw_gold":4,"minecraft:iron_ingot":2,"duneons:mountaineeraxeiron":1,"galosphere:raw_silver":1,"minecraft:iron_sword":1,"minecraft:oak_planks":37,"minecraft:book":1,"mekanism:metallurgic_infuser":2,"minecraft:dandelion":1,"minecraft:poisonous_potato":5,"minecraft:gravel":59,"minecraft:spruce_sapling":3,"minecraft:spruce_log":83,"minecraft:lily_of_the_valley":1,"mekanism:raw_osmium":13,"minecraft:spider_eye":1,"minecraft:mossy_cobblestone":2,"galosphere:silver_nugget":6,"mekanism:advanced_universal_cable":4,"minecraft:stone_axe":1,"duneons:spideregg":5,"duneons:minecartgift":3,"minecraft:iron_helmet":1,"minecraft:granite":46,"minecraft:bread":1,"alexsmobs:maggot":4,"minecraft:oak_sapling":6,"minecraft:coal":17,"minecraft:sunflower":4},"minecraft:dropped":{"minecraft:bread":2,"minecraft:iron_sword":1,"minecraft:brown_mushroom":72,"minecraft:wheat_seeds":9,"minecraft:lilac":13,"minecraft:mossy_cobblestone":2,"minecraft:poisonous_potato":3,"minecraft:cobblestone":20,"minecraft:lantern":11,"duneons:dungeonscharreddirt":1,"minecraft:stick":18,"minecraft:dirt":5,"minecraft:wooden_axe":1,"minecraft:rose_bush":10,"duneons:goatgear_helmet":1,"minecraft:wooden_sword":1,"minecraft:sunflower":2,"minecraft:spruce_sapling":2,"minecraft:dandelion":1,"minecraft:stone_axe":1,"mekanism:ingot_osmium":21,"alexsmobs:maggot":2,"minecraft:stone_sword":1,"alexsmobs:animal_dictionary":1,"minecraft:wheat":4,"minecraft:clay_ball":48,"minecraft:oak_planks":35,"create:asurine":1,"minecraft:azure_bluet":1,"mekanism:basic_universal_cable":1,"minecraft:lily_of_the_valley":1,"minecraft:poppy":8,"minecraft:spruce_planks":84,"duneons:rampartbrazier":1,"duneons:mossstoneblock":6,"minecraft:oak_sapling":6,"minecraft:spruce_log":1,"minecraft:wooden_pickaxe":1},"minecraft:killed":{"minecraft:cave_spider":1,"alexsmobs:raccoon":1,"minecraft:spider":1,"minecraft:skeleton":1,"mekanismadditions:baby_skeleton":1,"alexsmobs:blue_jay":1,"minecraft:fox":1,"duneons:squallgolem":3,"realmrpg_demons:chort":5,"minecraft:husk":1,"minecraft:pig":1,"duneons:mountaineer":17,"minecraft:sheep":2,"minecraft:pillager":2,"minecraft:zombie":9,"alexsmobs:fly":4}},"DataVersion":3465}