{"stats":{"minecraft:killed":{"minecraft:cave_spider":1,"alexsmobs:anaconda":1,"alexsmobs:raccoon":1,"minecraft:spider":2,"duneons:wraith":2,"minecraft:skeleton":1,"mekanismadditions:baby_skeleton":1,"alexsmobs:blue_jay":1,"minecraft:fox":1,"duneons:squallgolem":4,"realmrpg_demons:chort":7,"duneons:frozenzombie":1,"minecraft:husk":2,"minecraft:pig":1,"minecraft:wandering_trader":1,"duneons:mountaineer":23,"minecraft:sheep":2,"minecraft:pillager":2,"minecraft:zombie":10,"alexsmobs:fly":4},"minecraft:killed_by":{"minecraft:husk":2,"minecraft:wolf":1,"alexsmobs:crocodile":1,"minecraft:zombie":4},"minecraft:picked_up":{"minecraft:crafting_table":7,"minecraft:wheat":291,"minecraft:azure_bluet":1,"minecraft:clay_ball":48,"minecraft:smithing_table":1,"minecraft:brown_mushroom":108,"duneons:outpostbricks":2,"minecraft:brewing_stand":1,"minecraft:string":2,"minecraft:raw_copper":211,"biomesoplenty:yellow_autumn_sapling":7,"duneons:goatgear_helmet":1,"duneons:loggold":2,"minecraft:cobbled_deepslate":73,"mekanism:basic_universal_cable":1,"minecraft:spruce_planks":49,"duneons:cavespideregg":3,"minecraft:rose_bush":12,"minecraft:poppy":8,"alexsmobs:raccoon_tail":1,"minecraft:melon_slice":24,"minecraft:sugar_cane":24,"minecraft:furnace":1,"minecraft:stick":29,"minecraft:raw_iron":12,"minecraft:torch":37,"minecraft:porkchop":2,"minecraft:diorite":25,"minecraft:carrot":101,"minecraft:redstone":42,"mekanism:raw_tin":47,"minecraft:arrow":6,"minecraft:rotten_flesh":7,"duneons:mossstoneblock":6,"create:asurine":2,"minecraft:mutton":2,"minecraft:iron_bars":2,"minecraft:white_wool":2,"minecraft:cobblestone":428,"minecraft:birch_log":149,"duneons:dungeonscharreddirt":1,"duneons:candlebras":1,"duneons:crystalblue":1,"minecraft:lilac":14,"minecraft:golden_carrot":1,"mekanism:raw_lead":5,"minecraft:andesite":14,"minecraft:red_mushroom":6,"minecraft:potato":409,"minecraft:birch_planks":1,"minecraft:granite_stairs":3,"minecraft:flint":9,"create:raw_zinc":16,"minecraft:oak_log":5,"minecraft:cobblestone_stairs":7,"minecraft:stripped_birch_log":1,"minecraft:lapis_lazuli":29,"minecraft:dirt":100,"minecraft:lantern":7,"minecraft:white_banner":1,"minecraft:leather_boots":1,"minecraft:bone":1,"minecraft:apple":2,"minecraft:wheat_seeds":30,"minecraft:raw_gold":4,"minecraft:iron_ingot":3,"duneons:mountaineeraxeiron":2,"galosphere:raw_silver":1,"minecraft:iron_sword":1,"minecraft:oak_planks":37,"minecraft:book":1,"mekanism:metallurgic_infuser":2,"minecraft:dandelion":1,"minecraft:poisonous_potato":5,"minecraft:gravel":59,"minecraft:spruce_sapling":3,"minecraft:spruce_log":83,"minecraft:lily_of_the_valley":1,"mekanism:raw_osmium":13,"minecraft:spider_eye":2,"minecraft:mossy_cobblestone":2,"galosphere:silver_nugget":6,"mekanism:advanced_universal_cable":4,"minecraft:stone_axe":1,"duneons:spideregg":5,"duneons:minecartgift":3,"minecraft:iron_helmet":1,"minecraft:granite":113,"minecraft:emerald":1,"minecraft:bread":1,"alexsmobs:maggot":4,"minecraft:oak_sapling":6,"minecraft:coal":41,"minecraft:sunflower":4},"minecraft:broken":{"minecraft:stone_pickaxe":3,"minecraft:leather_boots":1,"minecraft:iron_sword":1,"minecraft:iron_pickaxe":1},"minecraft:used":{"minecraft:iron_shovel":199,"duneons:smoothcobblestone":3,"minecraft:stone_sword":196,"duneons:loggold":2,"minecraft:iron_bars":2,"minecraft:rose_bush":2,"minecraft:spruce_planks":129,"minecraft:stone":1,"minecraft:iron_sword":326,"minecraft:stone_hoe":70,"minecraft:torch":78,"minecraft:dirt":118,"minecraft:carrot":45,"minecraft:granite":14,"duneons:outpostbricks":28,"duneons:mountaineeraxeiron":3,"minecraft:wooden_axe":27,"alexsmobs:maggot":2,"minecraft:lava_bucket":2,"minecraft:iron_axe":186,"minecraft:melon_seeds":1,"minecraft:golden_carrot":1,"minecraft:potato":228,"minecraft:golden_axe":1,"duneons:leaveswindswept":7,"minecraft:cobblestone_stairs":139,"minecraft:baked_potato":22,"minecraft:oak_planks":1,"minecraft:stone_pickaxe":501,"minecraft:wooden_pickaxe":22,"duneons:candlebras":1,"minecraft:blue_bed":1,"minecraft:crafting_table":8,"minecraft:blast_furnace":1,"duneons:goldchain":2,"minecraft:apple":1,"minecraft:bread":59,"minecraft:iron_pickaxe":406,"mekanism:metallurgic_infuser":2,"minecraft:gravel":42,"duneons:minecartgift":4,"minecraft:cobblestone":4,"minecraft:white_banner":1,"minecraft:bucket":2,"alexsmobs:animal_dictionary":2,"minecraft:granite_stairs":18},"minecraft:dropped":{"minecraft:bread":2,"minecraft:iron_sword":1,"minecraft:brown_mushroom":72,"minecraft:wheat_seeds":9,"minecraft:lilac":13,"minecraft:mossy_cobblestone":2,"minecraft:poisonous_potato":3,"minecraft:cobblestone":20,"minecraft:lantern":11,"duneons:dungeonscharreddirt":1,"minecraft:stick":18,"minecraft:dirt":5,"minecraft:wooden_axe":1,"minecraft:rose_bush":10,"duneons:goatgear_helmet":1,"minecraft:wooden_sword":1,"minecraft:sunflower":2,"minecraft:dandelion":1,"minecraft:spruce_sapling":2,"minecraft:stone_axe":1,"mekanism:ingot_osmium":21,"alexsmobs:maggot":2,"minecraft:stone_sword":1,"alexsmobs:animal_dictionary":1,"minecraft:wheat":4,"minecraft:clay_ball":48,"minecraft:oak_planks":35,"create:asurine":1,"minecraft:azure_bluet":1,"mekanism:basic_universal_cable":1,"minecraft:lily_of_the_valley":1,"minecraft:poppy":8,"minecraft:spruce_planks":84,"minecraft:oak_sapling":6,"duneons:rampartbrazier":1,"duneons:mossstoneblock":6,"minecraft:spruce_log":1,"minecraft:wooden_pickaxe":1},"minecraft:crafted":{"minecraft:wooden_sword":1,"minecraft:smooth_stone":9,"minecraft:oak_planks":9,"minecraft:blast_furnace":1,"minecraft:cobblestone_stairs":36,"minecraft:stone":18,"duneons:smoothcobblestone":4,"minecraft:iron_boots":1,"minecraft:iron_axe":2,"minecraft:melon_seeds":4,"minecraft:stone_pickaxe":4,"mekanism:ingot_steel":13,"minecraft:granite_stairs":10,"minecraft:arrow":6,"minecraft:crafting_table":2,"minecraft:spruce_planks":197,"minecraft:wooden_pickaxe":1,"minecraft:baked_potato":105,"minecraft:iron_sword":2,"minecraft:bucket":1,"minecraft:stone_axe":1,"minecraft:bread":42,"minecraft:air":377,"minecraft:charcoal":238,"minecraft:shield":1,"minecraft:stick":18,"minecraft:iron_ingot":6,"minecraft:iron_pickaxe":3,"minecraft:wooden_axe":1,"minecraft:stone_sword":1,"minecraft:iron_shovel":3,"minecraft:iron_leggings":1,"minecraft:torch":15},"minecraft:custom":{"minecraft:interact_with_smithing_table":3,"minecraft:mob_kills":68,"minecraft:interact_with_crafting_table":44,"minecraft:leave_game":13,"minecraft:time_since_death":176727,"minecraft:climb_one_cm":1261,"minecraft:damage_resisted":136,"minecraft:sprint_one_cm":849181,"minecraft:walk_one_cm":939086,"minecraft:drop":66,"minecraft:talked_to_villager":1,"minecraft:play_time":446229,"minecraft:sneak_time":48991,"minecraft:deaths":12,"minecraft:walk_under_water_one_cm":19189,"minecraft:interact_with_brewingstand":1,"minecraft:jump":4507,"minecraft:interact_with_blast_furnace":9,"minecraft:walk_on_water_one_cm":70965,"minecraft:total_world_time":446229,"minecraft:interact_with_furnace":214,"minecraft:sleep_in_bed":7,"minecraft:time_since_rest":62837,"minecraft:damage_taken":7440,"minecraft:damage_dealt":15252,"minecraft:swim_one_cm":1408,"minecraft:fly_one_cm":635685,"minecraft:open_chest":239,"minecraft:crouch_one_cm":116889,"minecraft:fall_one_cm":119978},"minecraft:mined":{"create:zinc_ore":16,"minecraft:spruce_planks":10,"duneons:golden_barley":56,"minecraft:mossy_cobblestone":2,"duneons:bigferncreeperwoods":3,"minecraft:cobblestone_stairs":7,"duneons:spideregg":5,"minecraft:stripped_birch_log":1,"minecraft:brewing_stand":1,"mekanism:deepslate_osmium_ore":11,"minecraft:granite":113,"minecraft:grass_block":64,"duneons:goldtrabdoor":1,"duneons:highlandtallgrass":2,"duneons:highlandgrass":2,"minecraft:spruce_leaves":16,"duneons:peonydied":1,"minecraft:large_fern":17,"minecraft:tall_seagrass":2,"minecraft:redstone_ore":8,"minecraft:furnace":1,"minecraft:carrots":27,"buildersaddition:gravel_path":1,"minecraft:iron_ore":12,"minecraft:cobbled_deepslate":3,"minecraft:andesite":14,"minecraft:azure_bluet":1,"duneons:outpostbricks":2,"create:asurine":1,"minecraft:potatoes":111,"biomesoplenty:high_grass":10,"minecraft:dirt_path":4,"minecraft:iron_bars":2,"biomesoplenty:barley":2,"duneons:cavespideregg":3,"duneons:glowmelonroot":2,"minecraft:stone":431,"minecraft:granite_stairs":3,"duneons:mossstoneblock":6,"minecraft:smithing_table":1,"minecraft:deepslate_redstone_ore":1,"minecraft:brown_mushroom":37,"mekanism:osmium_ore":3,"minecraft:lily_of_the_valley":1,"minecraft:dandelion":1,"minecraft:powder_snow":42,"mekanism:block_salt":3,"minecraft:clay":21,"minecraft:crafting_table":7,"minecraft:torch":16,"minecraft:poppy":5,"minecraft:melon":4,"minecraft:rose_bush":7,"minecraft:dead_bush":1,"mekanism:tin_ore":27,"galosphere:silver_ore":1,"minecraft:mushroom_stem":6,"biomesoplenty:high_grass_plant":5,"minecraft:copper_ore":42,"minecraft:cobblestone":3,"duneons:azure_crystal":1,"biomesoplenty:sprout":41,"minecraft:deepslate_gold_ore":4,"minecraft:lapis_ore":5,"minecraft:oak_planks":1,"minecraft:sugar_cane":27,"mekanism:metallurgic_infuser":1,"minecraft:wall_torch":17,"minecraft:diorite":25,"minecraft:deepslate_copper_ore":19,"minecraft:seagrass":2,"duneons:candlebras":1,"biomesoplenty:magic_leaves":1,"duneons:popflower":2,"minecraft:birch_log":155,"biomesoplenty:yellow_autumn_leaves":9,"duneons:loggold":2,"minecraft:lilac":5,"minecraft:spruce_log":87,"duneons:creeperwoodstallgrass":25,"minecraft:grass":57,"mekanism:deepslate_tin_ore":20,"minecraft:coal_ore":44,"minecraft:oak_log":5,"mekanism:lead_ore":5,"minecraft:gravel":98,"minecraft:dirt":35,"minecraft:sunflower":2,"duneons:andesitehighlandstone":1,"minecraft:sand":3,"minecraft:cobweb":1,"minecraft:red_mushroom_block":45,"duneons:dungeonscharreddirt":1,"minecraft:oak_leaves":25,"minecraft:deepslate":71,"minecraft:fern":39}},"DataVersion":3465}